SHEET,CHAIN,CO_OWNED,STATE,SOUTNJ,CENTRALJ,NORTHJ,PA1,PA2,SHORE,EMPFT,EMPPT,NMGRS,WAGE_ST,PSODA,PFRY,PENTREE,STATUS2,EMPFT2,EMPPT2,NMGRS2,WAGE_ST2,PSODA2,PFRY2,PENTREE2,Full_Time_Equivalent1,Full_Time_Equivalent2,FULLMEAL,FULLMEAL2,treat,store_id,dFTE,GAP,NJ,KFC,ROYS,WEND,NJ_x_CO,GAP_x_CO,large,NJ_x_large
46,1,0,0,0,0,0,1,0,0,30.0,15.0,3.0,,1.03,1.03,0.52,1,3.5,35.0,3.0,4.3,1.03,,0.94,40.5,24.0,2.58,,0,46,-16.5,0.0,0,0,0,0,0,0.0,1,0
49,2,0,0,0,0,0,1,0,0,6.5,6.5,4.0,,1.01,0.9,2.35,1,0.0,15.0,4.0,4.45,1.01,0.89,2.35,13.75,11.5,4.26,4.25,0,49,-2.25,0.0,0,1,0,0,0,0.0,0,0
506,2,1,0,0,0,0,1,0,0,3.0,7.0,2.0,,0.95,0.74,2.33,1,3.0,7.0,4.0,5.0,0.95,0.74,2.33,8.5,10.5,4.02,4.02,0,506,2.0,0.0,0,1,0,0,0,0.0,0,0
56,4,1,0,0,0,0,1,0,0,20.0,20.0,4.0,5.0,0.87,0.82,1.79,1,0.0,36.0,2.0,5.25,0.92,0.79,0.87,34.0,20.0,3.48,2.58,0,56,-14.0,0.0,0,0,0,1,0,0.0,1,0
61,4,1,0,0,0,0,1,0,0,6.0,26.0,5.0,5.5,0.87,0.77,1.65,1,28.0,3.0,6.0,4.75,1.01,0.84,0.95,24.0,35.5,3.29,2.8,0,61,11.5,0.0,0,0,0,1,0,0.0,1,0
62,4,1,0,0,0,0,1,0,0,0.0,31.0,5.0,5.0,0.87,0.77,0.95,1,,,,,,0.84,1.79,20.5,,2.59,,0,62,,0.0,0,0,0,1,0,0.0,1,0
445,1,0,0,0,0,0,0,1,0,50.0,35.0,3.0,5.0,1.04,0.88,0.94,1,15.0,18.0,5.0,4.75,1.04,0.86,0.94,70.5,29.0,2.86,2.84,0,445,-41.5,0.0,0,0,0,0,0,0.0,1,0
451,1,0,0,0,0,0,0,1,0,10.0,17.0,5.0,5.0,1.05,0.84,0.96,1,26.0,9.0,6.0,5.0,1.11,0.84,0.94,23.5,36.5,2.85,2.89,0,451,13.0,0.0,0,0,0,0,0,0.0,1,0
455,2,1,0,0,0,0,0,1,0,2.0,8.0,5.0,5.25,0.73,0.73,2.32,1,3.0,12.0,2.0,5.0,0.94,0.84,2.32,11.0,11.0,3.78,4.1,0,455,0.0,0.0,0,1,0,0,0,0.0,0,0
458,2,1,0,0,0,0,1,0,0,2.0,10.0,2.0,5.0,0.94,0.73,2.32,1,2.0,9.0,2.0,5.0,0.9,0.73,2.32,9.0,8.5,3.9899999999999998,3.9499999999999997,0,458,-0.5,0.0,0,1,0,0,0,0.0,0,0
462,3,1,0,0,0,0,0,1,0,2.5,20.0,3.0,5.0,1.05,1.01,1.11,1,1.0,25.0,4.0,4.75,1.01,1.01,0.89,15.5,17.5,3.17,2.91,0,462,2.0,0.0,0,0,1,0,0,0.0,0,0
468,1,0,0,0,0,0,0,1,0,40.0,30.0,3.0,5.0,0.95,0.94,0.95,1,9.0,32.0,4.0,5.0,0.97,0.84,0.86,58.0,29.0,2.84,2.67,0,468,-29.0,0.0,0,0,0,0,0,0.0,1,0
469,1,0,0,0,0,0,0,1,0,8.0,27.0,5.0,5.0,0.92,0.72,0.96,1,7.0,39.0,4.0,4.5,0.92,0.81,0.87,26.5,30.5,2.6,2.6,0,469,4.0,0.0,0,0,0,0,0,0.0,1,0
470,1,0,0,0,0,0,0,1,0,10.5,30.0,3.0,5.5,0.97,0.84,0.94,1,18.0,10.0,3.0,4.75,1.03,0.84,0.94,28.5,26.0,2.75,2.81,0,470,-2.5,0.0,0,0,0,0,0,0.0,1,0
474,1,0,0,0,0,0,0,1,0,6.0,9.0,3.0,5.0,1.13,0.98,1.01,1,5.0,20.0,3.0,4.5,1.09,0.94,0.94,13.5,18.0,3.12,2.97,0,474,4.5,0.0,0,0,0,0,0,0.0,0,0
481,2,1,0,0,0,0,0,1,0,5.0,17.5,3.0,5.25,0.95,0.74,2.53,1,15.0,4.0,3.0,5.0,0.74,0.73,2.53,16.75,20.0,4.22,4.0,0,481,3.25,0.0,0,1,0,0,0,0.0,0,0
483,2,1,0,0,0,0,0,1,0,1.0,15.0,1.0,5.0,0.94,0.73,2.32,1,4.0,13.0,3.0,4.75,0.95,0.74,2.33,9.5,13.5,3.9899999999999998,4.02,0,483,4.0,0.0,0,1,0,0,0,0.0,0,0
487,3,1,0,0,0,0,0,1,0,10.0,6.0,2.0,5.0,1.11,0.91,0.95,1,6.0,20.0,3.0,4.75,1.05,1.01,0.94,15.0,19.0,2.9699999999999998,3.0,0,487,4.0,0.0,0,0,1,0,0,0.0,0,0
488,3,0,0,0,0,0,0,1,0,20.0,13.0,3.0,5.0,1.05,0.79,1.01,1,5.0,15.0,3.0,4.75,1.01,1.01,0.94,29.5,15.5,2.85,2.96,0,488,-14.0,0.0,0,0,1,0,0,0.0,1,0
489,3,0,0,0,0,0,0,1,0,5.0,23.0,2.0,5.0,1.05,1.01,0.94,1,2.0,19.0,3.0,4.25,1.01,1.01,1.05,18.5,14.5,3.0,3.0700000000000003,0,489,-4.0,0.0,0,0,1,0,0,0.0,0,0
490,3,1,0,0,0,0,0,1,0,10.0,12.5,4.0,5.0,1.05,1.01,1.05,1,2.0,18.0,3.0,5.0,1.01,1.01,1.05,20.25,14.0,3.1100000000000003,3.0700000000000003,0,490,-6.25,0.0,0,0,1,0,0,0.0,1,0
493,3,1,0,0,0,0,1,0,0,27.0,12.0,3.0,5.0,1.05,0.9,2.01,1,0.0,30.0,4.0,4.9,1.02,1.01,0.84,36.0,19.0,3.96,2.87,0,493,-17.0,0.0,0,0,1,0,0,0.0,1,0
495,3,0,0,0,0,0,0,1,0,4.0,28.0,3.0,5.0,1.05,1.01,0.94,1,8.0,20.0,3.0,5.0,0.96,1.01,1.01,21.0,21.0,3.0,2.98,0,495,0.0,0.0,0,0,1,0,0,0.0,1,0
496,3,1,0,0,0,0,0,1,0,10.0,15.0,3.0,5.0,1.05,0.9,0.73,1,10.0,10.0,3.0,4.75,1.01,1.01,0.89,20.5,18.0,2.68,2.91,0,496,-2.5,0.0,0,0,1,0,0,0.0,1,0
499,4,1,0,0,0,0,0,1,0,0.0,28.0,5.0,5.0,0.9,0.69,1.75,1,0.0,31.0,5.0,5.0,0.9,0.69,0.94,19.0,20.5,3.34,2.53,0,499,1.5,0.0,0,0,0,1,0,0.0,0,0
509,3,1,0,0,0,0,0,1,0,3.0,16.0,3.0,5.0,1.05,0.95,1.16,1,5.5,10.0,3.0,4.25,1.0,1.01,0.94,14.0,13.5,3.16,2.9499999999999997,0,509,-0.5,0.0,0,0,1,0,0,0.0,0,0
515,3,1,0,0,0,0,0,1,0,7.0,16.0,4.0,5.0,1.05,0.94,1.16,1,5.0,19.0,3.0,4.75,1.01,1.01,0.94,19.0,17.5,3.15,2.96,0,515,-1.5,0.0,0,0,1,0,0,0.0,0,0
37,1,0,0,0,0,0,1,0,0,21.0,9.0,7.0,4.25,0.98,0.84,0.84,1,6.0,25.0,7.0,4.25,0.98,0.84,0.86,32.5,25.5,2.6599999999999997,2.6799999999999997,0,37,-7.0,0.0,0,0,0,0,0,0.0,1,0
39,1,0,0,0,0,0,1,0,0,1.0,32.0,2.0,4.25,1.03,0.73,0.52,1,5.0,15.0,3.0,,1.05,,0.63,19.0,15.5,2.2800000000000002,,0,39,-3.5,0.0,0,0,0,0,0,0.0,0,0
40,1,0,0,0,0,0,1,0,0,10.0,20.0,7.0,4.25,0.98,0.82,0.8,1,7.0,25.0,6.0,4.25,0.98,0.82,0.87,27.0,25.5,2.5999999999999996,2.67,0,40,-1.5,0.0,0,0,0,0,0,0.0,1,0
41,1,0,0,0,0,0,1,0,0,0.0,27.0,6.0,4.25,0.98,0.82,0.85,1,0.0,42.0,6.0,4.25,0.94,0.78,0.91,19.5,27.0,2.65,2.63,0,41,7.5,0.0,0,0,0,0,0,0.0,1,0
42,1,0,0,0,0,0,1,0,0,17.0,4.0,5.0,4.5,0.98,0.83,0.86,1,0.0,22.0,5.0,4.25,0.94,,,24.0,16.0,2.67,,0,42,-8.0,0.0,0,0,0,0,0,0.0,1,0
45,1,0,0,0,0,0,1,0,0,0.0,24.0,6.0,4.25,0.98,0.83,0.86,1,11.0,12.0,2.0,4.25,0.98,0.75,0.86,18.0,19.0,2.67,2.59,0,45,1.0,0.0,0,0,0,0,0,0.0,0,0
47,1,0,0,0,0,0,1,0,0,25.0,15.0,,4.5,1.05,0.86,0.86,1,0.0,45.0,2.0,4.25,1.05,0.86,0.86,,24.5,2.77,2.77,0,47,,0.0,0,0,0,0,0,0.0,0,0
48,1,0,0,0,0,0,1,0,0,6.0,20.0,3.0,4.25,1.01,0.84,0.63,1,7.5,25.0,5.0,4.38,0.98,0.79,0.87,19.0,25.0,2.48,2.64,0,48,6.0,0.0,0,0,0,0,0,0.0,0,0
50,2,0,0,0,0,0,1,0,0,6.0,10.0,3.0,4.5,1.01,0.89,3.5,1,4.0,20.0,3.0,4.75,1.01,0.89,2.35,14.0,17.0,5.4,4.25,0,50,3.0,0.0,0,1,0,0,0,0.0,0,0
51,2,0,0,0,0,0,1,0,0,0.0,15.0,3.0,4.25,1.01,0.89,2.35,1,6.0,15.0,3.0,4.25,1.0,0.89,2.35,10.5,16.5,4.25,4.24,0,51,6.0,0.0,0,1,0,0,0,0.0,0,0
57,4,1,0,0,0,0,1,0,0,30.0,10.0,3.0,4.67,0.87,0.79,0.9,1,7.0,18.0,4.0,4.5,1.01,0.78,0.9,38.0,20.0,2.56,2.69,0,57,-18.0,0.0,0,0,0,1,0,0.0,1,0
58,4,1,0,0,0,0,1,0,0,8.0,25.0,3.0,4.75,0.87,0.77,1.01,1,0.0,28.0,4.0,4.5,1.04,0.84,0.94,23.5,18.0,2.6500000000000004,2.82,0,58,-5.5,0.0,0,0,0,1,0,0.0,1,0
59,4,0,0,0,0,0,1,0,0,0.0,15.0,3.0,4.25,0.91,0.89,0.81,1,0.0,16.0,4.0,4.25,1.01,0.84,0.86,10.5,12.0,2.6100000000000003,2.71,0,59,1.5,0.0,0,0,0,1,0,0.0,0,0
60,4,0,0,0,0,0,1,0,0,10.0,20.0,5.0,4.25,0.94,0.74,0.86,1,10.0,20.0,5.0,4.25,0.98,0.84,0.86,25.0,25.0,2.54,2.6799999999999997,0,60,0.0,0.0,0,0,0,1,0,0.0,1,0
407,2,1,0,0,0,0,0,1,0,2.0,12.0,3.0,4.75,0.95,0.74,2.33,1,1.0,14.0,3.0,4.25,0.95,0.84,2.53,11.0,11.0,4.02,4.32,0,407,0.0,0.0,0,1,0,0,0,0.0,0,0
430,1,0,0,0,0,0,1,0,0,20.0,25.0,4.0,4.25,0.95,0.75,0.8,1,0.0,48.0,3.0,4.25,0.91,0.73,0.75,36.5,27.0,2.5,2.39,0,430,-9.5,0.0,0,0,0,0,0,0.0,1,0
432,1,0,0,0,0,0,1,0,0,20.0,55.0,5.0,4.5,0.94,0.74,0.79,1,25.0,10.0,4.0,5.05,0.94,0.74,0.79,52.5,34.0,2.4699999999999998,2.4699999999999998,0,432,-18.5,0.0,0,0,0,0,0,0.0,1,0
433,1,0,0,0,0,0,1,0,0,10.0,30.0,4.0,4.25,0.95,0.73,0.8,1,0.0,42.0,4.0,,0.94,0.74,0.74,29.0,25.0,2.48,2.42,0,433,-4.0,0.0,0,0,0,0,0,0.0,1,0
434,1,0,0,0,0,0,1,0,0,15.0,50.0,5.0,4.25,0.95,0.75,,1,19.0,29.0,4.0,4.25,0.95,0.8,0.8,45.0,37.5,,2.55,0,434,-7.5,0.0,0,0,0,0,0,0.0,1,0
435,1,0,0,0,0,0,1,0,0,1.0,37.5,3.0,4.25,0.95,0.75,0.79,1,0.0,32.0,5.0,4.25,0.94,0.74,0.79,22.75,21.0,2.49,2.4699999999999998,0,435,-1.75,0.0,0,0,0,0,0,0.0,1,0
438,2,0,0,0,0,0,1,0,0,0.0,9.0,3.0,4.25,1.01,0.84,2.43,1,2.0,9.0,3.0,4.25,0.95,0.84,2.43,7.5,9.5,4.28,4.220000000000001,0,438,2.0,0.0,0,1,0,0,0,0.0,0,0
440,4,0,0,0,0,0,1,0,0,0.0,25.0,3.0,4.25,0.89,0.79,2.01,1,0.0,30.0,3.0,,1.0,0.8,1.8,15.5,18.0,3.69,3.6,0,440,2.5,0.0,0,0,0,1,0,0.0,0,0
441,4,0,0,0,0,0,1,0,0,30.0,10.0,3.0,4.25,0.89,0.77,0.84,1,0.0,30.0,3.0,4.25,1.0,0.8,1.81,38.0,18.0,2.5,3.6100000000000003,0,441,-20.0,0.0,0,0,0,1,0,0.0,1,0
443,4,0,0,0,0,0,1,0,0,4.0,19.0,4.0,4.25,0.89,0.79,1.8,1,5.0,20.0,4.0,4.35,1.0,0.8,1.81,17.5,19.0,3.4800000000000004,3.6100000000000003,0,443,1.5,0.0,0,0,0,1,0,0.0,0,0
444,4,0,0,0,0,0,1,0,0,12.0,20.0,3.0,4.25,0.89,0.8,0.84,1,10.0,35.0,4.0,4.5,0.89,,0.79,25.0,31.5,2.53,,0,444,6.5,0.0,0,0,0,1,0,0.0,1,0
446,1,0,0,0,0,0,0,1,0,,,3.0,4.5,1.03,0.84,0.94,1,7.0,24.0,4.0,5.0,0.97,0.84,0.91,,23.0,2.81,2.72,0,446,,0.0,0,0,0,0,0,0.0,0,0
448,1,0,0,0,0,0,0,1,0,8.0,18.0,4.0,4.75,0.97,0.84,0.91,1,8.0,27.0,3.0,4.5,0.96,0.83,0.87,21.0,24.5,2.72,2.66,0,448,3.5,0.0,0,0,0,0,0,0.0,1,0
449,1,0,0,0,0,0,0,1,0,0.0,25.0,3.0,4.87,,,,1,15.0,15.0,5.0,5.0,0.97,0.84,0.73,15.5,27.5,,2.54,0,449,12.0,0.0,0,0,0,0,0,0.0,0,0
450,1,0,0,0,0,0,0,1,0,2.0,21.0,3.0,4.75,0.97,0.82,0.84,1,27.5,8.0,3.0,4.75,0.91,0.84,0.86,15.5,34.5,2.63,2.61,0,450,19.0,0.0,0,0,0,0,0,0.0,0,0
454,2,1,0,0,0,0,0,1,0,1.0,9.0,3.0,4.5,0.94,0.73,2.53,1,0.0,18.0,5.0,5.0,0.94,0.73,2.64,8.5,14.0,4.199999999999999,4.3100000000000005,0,454,5.5,0.0,0,1,0,0,0,0.0,0,0
459,3,1,0,0,0,0,0,1,0,5.0,20.0,3.0,4.25,1.05,0.9,0.94,1,0.0,20.0,5.0,4.35,1.01,1.01,0.89,18.0,15.0,2.89,2.91,0,459,-3.0,0.0,0,0,1,0,0,0.0,0,0
466,4,0,0,0,0,0,0,1,0,8.0,17.5,4.0,4.75,0.94,0.8,0.94,1,14.0,12.0,3.0,,0.94,,,20.75,23.0,2.6799999999999997,,0,466,2.25,0.0,0,0,0,1,0,0.0,1,0
471,1,0,0,0,0,0,0,1,0,25.0,20.0,4.0,4.25,0.97,0.84,0.91,1,12.0,23.0,3.0,4.25,0.97,0.86,0.91,39.0,26.5,2.72,2.74,0,471,-12.5,0.0,0,0,0,0,0,0.0,1,0
472,1,0,0,0,0,0,0,1,0,37.5,2.0,3.0,4.25,0.97,1.05,0.91,1,8.0,25.0,3.0,4.9,0.96,0.84,0.91,41.5,23.5,2.93,2.71,0,472,-18.0,0.0,0,0,0,0,0,0.0,1,0
473,1,0,0,0,0,0,0,1,0,5.0,27.0,4.0,4.75,0.97,0.86,0.89,1,26.0,15.0,2.0,4.5,0.97,0.84,0.86,22.5,35.5,2.72,2.67,0,473,13.0,0.0,0,0,0,0,0,0.0,1,0
475,1,0,0,0,0,0,0,1,0,25.0,8.0,3.0,4.5,1.02,0.89,0.9,1,10.0,16.0,3.0,4.5,1.02,0.94,0.9,32.0,21.0,2.81,2.86,0,475,-11.0,0.0,0,0,0,0,0,0.0,1,0
476,1,0,0,0,0,0,1,0,0,6.0,30.0,3.0,4.25,0.95,0.79,0.91,1,5.0,30.0,3.0,4.75,0.96,0.84,1.18,24.0,23.0,2.65,2.9799999999999995,0,476,-1.0,0.0,0,0,0,0,0,0.0,1,0
477,1,0,0,0,0,0,0,1,0,8.0,28.0,4.0,4.25,0.97,0.78,0.99,1,6.0,20.0,4.0,6.25,0.96,0.84,0.89,26.0,20.0,2.74,2.69,0,477,-6.0,0.0,0,0,0,0,0,0.0,1,0
478,1,0,0,0,0,0,1,0,0,32.0,25.0,4.0,4.5,0.97,0.86,0.91,1,8.0,30.0,4.0,4.35,1.01,0.88,0.91,48.5,27.0,2.74,2.8000000000000003,0,478,-21.5,0.0,0,0,0,0,0,0.0,1,0
485,2,1,0,0,0,0,0,1,0,1.0,9.0,3.0,4.5,0.95,0.74,2.33,1,4.0,12.0,3.0,4.5,1.01,0.73,2.32,8.5,13.0,4.02,4.06,0,485,4.5,0.0,0,1,0,0,0,0.0,0,0
491,3,0,0,0,0,0,0,1,0,4.0,25.0,2.0,4.5,1.05,0.91,0.95,3,0.0,0.0,0.0,,,,,18.5,0.0,2.91,,0,491,-18.5,0.0,0,0,1,0,0,0.0,0,0
492,3,1,0,0,0,0,0,1,0,2.0,16.0,3.0,4.5,1.11,1.05,0.94,1,4.0,15.0,2.0,4.5,1.11,1.11,1.05,13.0,13.5,3.1,3.2700000000000005,0,492,0.5,0.0,0,0,1,0,0,0.0,0,0
497,4,1,0,0,0,0,0,1,0,12.0,15.0,3.0,4.5,0.91,0.84,0.84,1,,,5.0,,1.01,0.9,0.79,22.5,,2.59,2.7,0,497,,0.0,0,0,0,1,0,0.0,1,0
498,4,1,0,0,0,0,0,1,0,20.0,10.0,3.0,4.75,0.91,0.84,0.85,1,21.0,5.5,3.0,5.0,0.98,0.84,0.9,28.0,26.75,2.6,2.7199999999999998,0,498,-1.25,0.0,0,0,0,1,0,0.0,1,0
501,1,0,0,0,0,0,0,1,0,14.0,15.0,3.0,4.25,0.84,0.84,0.94,1,30.0,15.0,6.0,4.75,1.03,0.91,0.91,24.5,43.5,2.62,2.85,0,501,19.0,0.0,0,0,0,0,0,0.0,1,0
503,1,0,0,0,0,0,0,1,0,7.5,14.0,4.0,4.75,0.97,0.84,0.91,1,35.0,6.5,3.0,4.5,0.97,0.84,1.0,18.5,41.25,2.72,2.81,0,503,22.75,0.0,0,0,0,0,0,0.0,0,0
510,3,1,0,0,0,0,0,1,0,7.0,25.0,4.0,4.25,1.05,0.91,1.05,1,2.5,17.5,3.0,,1.05,1.01,,23.5,14.25,3.01,,0,510,-9.25,0.0,0,0,1,0,0,0.0,1,0
511,3,1,0,0,0,0,0,1,0,4.0,16.0,3.0,4.75,1.01,0.91,1.05,1,3.0,13.0,3.0,4.75,1.01,1.01,0.89,15.0,12.5,2.9699999999999998,2.91,0,511,-2.5,0.0,0,0,1,0,0,0.0,0,0
514,3,0,0,0,0,0,0,1,0,5.0,20.0,3.0,4.5,0.94,0.9,0.94,1,23.0,16.0,3.0,4.25,0.95,0.95,1.05,18.0,34.0,2.78,2.95,0,514,16.0,0.0,0,0,1,0,0,0.0,0,0
516,3,1,0,0,0,0,0,1,0,6.0,22.5,3.0,4.75,1.05,0.91,1.05,1,2.0,12.0,2.0,4.91,1.01,0.95,0.89,20.25,10.0,3.01,2.85,0,516,-10.25,0.0,0,0,1,0,0,0.0,1,0
521,1,0,0,0,0,0,1,0,0,2.5,20.0,3.0,4.25,,,0.52,1,0.0,12.0,8.0,4.4,0.41,0.84,0.89,15.5,14.0,,2.14,0,521,-1.5,0.0,0,0,0,0,0,0.0,0,0
522,1,0,0,0,0,0,1,0,0,2.0,30.0,4.0,4.35,1.0,0.87,0.94,1,3.0,23.0,3.0,4.25,1.0,0.74,0.95,21.0,17.5,2.81,2.69,0,522,-3.5,0.0,0,0,0,0,0,0.0,1,0
113,1,0,1,0,1,0,0,0,0,0.0,22.0,4.0,,1.06,0.95,1.0,1,2.0,40.0,5.0,5.05,1.05,0.9,0.98,15.0,27.0,3.01,2.93,1,113,12.0,0.0,1,0,0,0,0,0.0,0,0
123,1,0,1,0,1,0,0,0,0,0.0,20.0,5.0,,1.06,0.95,1.01,1,5.0,25.0,4.0,5.05,1.05,0.94,1.0,15.0,21.5,3.0199999999999996,2.99,1,123,6.5,0.0,1,0,0,0,0,0.0,0,0
135,3,0,1,0,1,0,0,0,0,10.0,20.0,4.0,,,,,1,8.0,24.0,3.0,5.05,1.16,1.06,1.05,24.0,23.0,,3.2699999999999996,1,135,-1.0,0.0,1,0,1,0,0,0.0,1,1
138,3,1,1,0,0,1,0,0,0,4.5,25.5,2.0,,1.12,1.07,1.06,1,2.0,33.0,3.0,5.05,1.21,1.01,0.94,19.25,21.5,3.2500000000000004,3.1599999999999997,1,138,2.25,0.0,1,0,1,0,1,0.0,0,0
153,1,0,1,0,0,1,0,0,0,0.0,25.0,9.0,,1.0,0.95,0.89,1,26.5,10.0,3.0,5.05,1.05,0.95,0.95,21.5,34.5,2.84,2.95,1,153,13.0,0.0,1,0,0,0,0,0.0,1,1
181,2,0,1,0,0,1,0,0,0,0.0,13.0,3.0,,0.91,0.79,2.34,1,1.0,15.0,2.0,5.05,0.95,0.9,2.49,9.5,10.5,4.04,4.34,1,181,1.0,0.0,1,1,0,0,0,0.0,0,0
191,4,0,1,0,0,1,0,0,0,30.0,20.0,4.0,,1.06,0.95,1.06,1,0.0,25.0,4.0,5.05,1.02,0.94,1.05,44.0,16.5,3.07,3.01,1,191,-27.5,0.0,1,0,0,1,0,0.0,1,1
231,1,0,1,0,0,1,0,0,0,,10.0,3.0,,1.02,1.02,0.95,1,16.0,6.0,4.0,5.05,0.9,0.95,0.95,,23.0,2.99,2.8,1,231,,0.0,1,0,0,0,0,0.0,0,0
236,1,0,1,0,0,1,0,0,0,0.0,34.0,4.0,,1.18,1.02,1.06,1,23.0,22.0,4.0,5.05,1.1,1.01,0.99,21.0,38.0,3.2600000000000002,3.1000000000000005,1,236,17.0,0.0,1,0,0,0,0,0.0,1,1
254,4,0,1,1,0,0,0,0,1,20.0,10.0,3.0,,1.06,0.86,1.06,1,28.0,10.0,3.0,5.25,1.0,0.85,1.05,28.0,36.0,2.98,2.9000000000000004,1,254,8.0,0.0,1,0,0,1,0,0.0,1,1
255,4,0,1,1,0,0,0,0,0,0.0,14.0,3.0,,1.01,0.79,0.85,1,8.0,12.0,2.0,,1.0,0.85,2.11,10.0,16.0,2.65,3.96,1,255,6.0,0.0,1,0,0,1,0,0.0,0,0
294,1,0,1,0,0,1,0,0,0,0.0,35.0,3.0,,1.06,0.95,0.95,1,0.0,35.0,3.0,5.05,1.05,0.94,0.94,20.5,20.5,2.96,2.9299999999999997,1,294,0.0,0.0,1,0,0,0,0,0.0,1,1
306,3,1,1,0,0,1,0,0,0,15.0,15.0,3.0,,1.02,,1.06,1,6.0,20.0,3.0,5.05,1.11,1.05,1.05,25.5,19.0,,3.21,1,306,-6.5,0.0,1,0,1,0,1,0.0,1,1
311,4,0,1,0,0,1,0,0,0,0.0,30.0,4.0,,0.91,0.91,1.06,1,35.0,30.0,3.0,5.05,1.01,0.95,1.05,19.0,53.0,2.88,3.01,1,311,34.0,0.0,1,0,0,1,0,0.0,0,0
315,1,0,1,1,0,0,0,0,0,5.0,19.0,2.0,,1.0,0.85,0.88,1,4.5,20.0,2.0,5.05,1.05,0.84,0.87,16.5,16.5,2.73,2.7600000000000002,1,315,0.0,0.0,1,0,0,0,0,0.0,0,0
335,1,1,1,1,0,0,0,0,0,9.0,10.0,3.0,,1.06,0.92,0.92,1,7.0,13.0,3.0,5.05,1.05,0.94,0.94,17.0,16.5,2.9,2.9299999999999997,1,335,-0.5,0.0,1,0,0,0,1,0.0,0,0
372,1,1,1,0,0,1,0,0,0,0.0,45.0,5.0,,1.1,0.95,1.1,1,30.0,20.0,5.0,5.05,1.06,1.05,1.04,27.5,45.0,3.15,3.1500000000000004,1,372,17.5,0.0,1,0,0,0,1,0.0,1,1
6,3,1,1,0,1,0,0,0,0,2.0,2.0,2.0,5.0,1.2,1.17,2.35,1,5.0,2.0,2.0,5.05,1.11,1.01,2.23,5.0,8.0,4.720000000000001,4.35,1,6,3.0,0.009999999999999964,1,0,1,0,1,0.009999999999999964,0,0
14,2,0,1,0,1,0,0,0,0,10.0,8.0,2.0,5.12,1.06,0.85,2.49,1,4.0,17.0,3.0,5.05,1.05,0.94,2.6,16.0,15.5,4.4,4.59,1,14,-0.5,0.0,1,1,0,0,0,0.0,0,0
26,1,0,1,0,0,1,0,0,0,30.0,15.0,4.0,5.56,1.06,0.91,0.98,1,10.0,20.0,4.0,5.05,1.01,0.94,0.94,41.5,24.0,2.95,2.8899999999999997,1,26,-17.5,0.0,1,0,0,0,0,0.0,1,1
27,2,1,1,0,1,0,0,0,0,4.0,10.0,4.0,5.0,1.06,0.85,2.34,1,0.0,7.0,4.0,5.05,1.05,0.84,2.53,13.0,7.5,4.25,4.42,1,27,-5.5,0.009999999999999964,1,1,0,0,1,0.009999999999999964,0,0
30,2,0,1,0,0,1,0,0,0,6.0,4.0,2.0,5.0,1.06,1.06,2.53,1,4.0,3.0,2.0,5.05,0.94,0.92,2.69,10.0,7.5,4.65,4.55,1,30,-2.5,0.009999999999999964,1,1,0,0,0,0.0,0,0
31,2,0,1,0,1,0,0,0,0,4.0,16.0,3.0,5.25,1.03,1.06,2.56,1,6.0,15.0,5.0,5.05,1.0,1.05,2.64,15.0,18.5,4.65,4.6899999999999995,1,31,3.5,0.0,1,1,0,0,0,0.0,0,0
33,3,0,1,0,0,1,0,0,0,12.0,20.0,4.0,5.0,1.02,1.07,0.95,1,6.0,11.0,5.0,5.05,1.11,1.06,1.05,26.0,16.5,3.04,3.2199999999999998,1,33,-9.5,0.009999999999999964,1,0,1,0,0,0.0,1,1
36,4,0,1,0,1,0,0,0,0,8.0,12.0,4.0,5.5,1.02,0.91,2.57,1,10.0,35.0,6.0,5.05,0.95,0.89,1.19,18.0,33.5,4.5,3.03,1,36,15.5,0.0,1,0,0,1,0,0.0,0,0
77,3,0,1,0,0,1,0,0,0,6.0,50.0,4.0,5.0,1.18,1.07,1.17,1,4.0,60.0,3.0,5.05,1.06,1.06,1.05,35.0,37.0,3.42,3.17,1,77,2.0,0.009999999999999964,1,0,1,0,0,0.0,1,1
78,3,1,1,0,0,1,0,0,0,13.0,10.0,3.0,5.0,1.12,1.02,1.02,1,10.0,12.0,2.0,5.05,1.11,1.01,1.05,21.0,18.0,3.16,3.17,1,78,-3.0,0.009999999999999964,1,0,1,0,1,0.009999999999999964,1,1
81,4,0,1,0,0,1,0,0,0,25.0,13.0,3.0,5.0,1.06,0.98,1.06,1,0.0,45.0,4.0,5.05,1.11,0.98,2.07,34.5,26.5,3.1,4.16,1,81,-8.0,0.009999999999999964,1,0,0,1,0,0.0,1,1
82,4,0,1,0,0,1,0,0,0,8.0,14.5,3.0,5.0,1.06,1.03,1.06,1,25.0,8.0,4.0,5.05,1.11,0.98,1.05,18.25,33.0,3.15,3.1399999999999997,1,82,14.75,0.009999999999999964,1,0,0,1,0,0.0,0,0
83,4,0,1,0,0,1,0,0,0,12.5,20.0,2.0,5.0,1.06,0.98,2.13,1,,,4.0,5.05,1.11,0.89,0.99,24.5,,4.17,2.99,1,83,,0.009999999999999964,1,0,0,1,0,0.0,1,1
85,1,0,1,0,1,0,0,0,1,7.0,20.0,3.0,5.5,1.12,1.02,1.02,1,0.0,35.0,3.0,5.05,1.11,1.01,1.05,20.0,20.5,3.16,3.17,1,85,0.5,0.0,1,0,0,0,0,0.0,1,1
89,1,1,1,0,1,0,0,0,0,10.0,6.0,3.0,5.0,1.09,0.95,1.04,1,6.0,25.0,6.0,5.5,1.11,1.01,1.05,16.0,24.5,3.08,3.17,1,89,8.5,0.009999999999999964,1,0,0,0,1,0.009999999999999964,0,0
94,2,0,1,0,1,0,0,0,0,0.0,25.0,5.0,5.0,1.06,0.8,2.56,1,2.0,20.0,4.0,5.05,1.05,0.79,2.53,17.5,16.0,4.42,4.37,1,94,-1.5,0.009999999999999964,1,1,0,0,0,0.0,0,0
103,4,0,1,0,0,1,0,0,0,12.5,10.0,3.0,5.0,0.91,0.85,0.95,1,,,2.0,5.05,1.05,0.84,1.26,20.5,,2.71,3.1500000000000004,1,103,,0.009999999999999964,1,0,0,1,0,0.0,1,1
112,4,0,1,0,0,1,0,0,0,4.0,26.0,3.0,5.0,1.06,0.98,1.06,1,5.0,25.0,6.0,5.05,1.11,1.09,2.07,20.0,23.5,3.1,4.27,1,112,3.5,0.009999999999999964,1,0,0,1,0,0.0,1,1
128,2,1,1,0,1,0,0,0,0,6.5,7.5,2.0,5.0,1.06,0.85,2.34,1,3.0,16.0,2.0,5.05,1.05,0.79,2.32,12.25,13.0,4.25,4.16,1,128,0.75,0.009999999999999964,1,1,0,0,1,0.009999999999999964,0,0
129,3,0,1,0,1,0,0,0,0,20.0,20.0,3.0,5.25,1.1,1.0,0.74,1,7.0,18.0,4.0,5.05,1.11,1.0,0.89,33.0,20.0,2.84,3.0000000000000004,1,129,-13.0,0.0,1,0,1,0,0,0.0,1,1
131,3,0,1,0,1,0,0,0,0,15.0,25.0,4.0,5.5,1.06,1.06,1.06,1,8.0,22.0,3.0,5.05,1.05,1.11,1.05,31.5,22.0,3.18,3.21,1,131,-9.5,0.0,1,0,1,0,0,0.0,1,1
139,4,0,1,0,1,0,0,0,0,,,2.0,5.5,0.95,0.95,1.06,1,11.0,25.0,5.0,5.5,,,,,28.5,2.96,,1,139,,0.0,1,0,0,1,0,0.0,0,0
143,4,0,1,0,1,0,0,0,0,0.0,30.0,3.0,5.37,0.95,0.95,1.06,4,,,,,,,,18.0,,2.96,,1,143,,0.0,1,0,0,1,0,0.0,0,0
144,4,0,1,0,1,0,0,0,0,10.0,30.0,3.0,5.05,0.91,0.85,1.06,1,4.0,37.0,3.0,5.05,0.94,0.94,1.26,28.0,25.5,2.8200000000000003,3.1399999999999997,1,144,-2.5,0.0,1,0,0,1,0,0.0,1,1
145,1,0,1,0,0,1,0,0,0,5.0,17.0,3.0,5.0,1.06,0.95,0.95,1,10.0,8.0,4.0,5.28,1.05,0.96,0.95,16.5,18.0,2.96,2.96,1,145,1.5,0.009999999999999964,1,0,0,0,0,0.0,0,0
147,1,0,1,0,0,1,0,0,0,8.5,6.5,3.0,5.12,1.12,0.89,0.95,1,6.0,0.0,3.0,5.25,1.13,0.91,0.91,14.75,9.0,2.96,2.95,1,147,-5.75,0.0,1,0,0,0,0,0.0,0,0
148,1,0,1,0,0,1,0,0,0,4.5,30.0,4.0,5.25,1.06,0.95,0.95,1,7.5,30.0,4.0,5.05,1.05,0.94,0.94,23.5,26.5,2.96,2.9299999999999997,1,148,3.0,0.0,1,0,0,0,0,0.0,1,1
151,1,0,1,0,0,1,0,0,0,1.0,12.0,3.0,5.0,1.09,0.81,1.04,3,0.0,0.0,0.0,,,,,10.0,0.0,2.9400000000000004,,1,151,-10.0,0.009999999999999964,1,0,0,0,0,0.0,0,0
152,1,0,1,0,0,1,0,0,0,35.0,15.0,4.0,5.12,1.17,0.95,1.02,1,12.0,13.5,5.0,5.05,1.16,0.94,0.94,46.5,23.75,3.14,3.0399999999999996,1,152,-22.75,0.0,1,0,0,0,0,0.0,1,1
157,2,0,1,0,0,1,0,0,0,10.0,5.0,3.0,5.0,0.91,0.85,2.34,1,12.0,8.0,2.0,5.5,0.95,0.83,2.47,15.5,18.0,4.1,4.25,1,157,2.5,0.009999999999999964,1,1,0,0,0,0.0,0,0
161,3,1,1,0,0,1,0,0,0,8.0,25.0,4.0,5.0,1.12,1.02,1.06,1,26.0,12.0,4.0,5.05,1.11,1.06,1.05,24.5,36.0,3.2,3.2199999999999998,1,161,11.5,0.009999999999999964,1,0,1,0,1,0.009999999999999964,1,1
163,3,1,1,0,0,1,0,0,0,12.0,18.0,3.0,5.0,1.2,1.07,1.06,1,1.5,33.0,3.0,5.05,,,,24.0,21.0,3.33,,1,163,-3.0,0.009999999999999964,1,0,1,0,1,0.009999999999999964,1,1
164,3,1,1,0,0,1,0,0,0,4.0,30.0,4.0,5.0,1.12,1.02,1.06,1,5.0,15.0,3.0,5.05,1.11,1.06,1.05,23.0,15.5,3.2,3.2199999999999998,1,164,-7.5,0.009999999999999964,1,0,1,0,1,0.009999999999999964,1,1
165,4,0,1,0,0,1,0,0,0,20.0,10.0,3.0,5.0,1.06,0.89,1.06,1,10.0,17.0,4.0,5.05,1.05,0.98,1.05,28.0,22.5,3.0100000000000002,3.08,1,165,-5.5,0.009999999999999964,1,0,0,1,0,0.0,1,1
169,1,1,1,0,0,1,0,0,0,12.0,33.0,4.0,5.0,1.1,0.94,1.04,1,20.0,6.0,4.0,5.05,1.11,1.05,1.05,32.5,27.0,3.08,3.21,1,169,-5.5,0.009999999999999964,1,0,0,0,1,0.009999999999999964,1,1
170,1,1,1,0,0,1,0,0,0,10.0,20.0,3.0,5.0,1.1,1.02,1.08,1,20.0,20.0,4.0,5.05,1.29,1.11,1.18,23.0,34.0,3.2,3.58,1,170,11.0,0.009999999999999964,1,0,0,0,1,0.009999999999999964,1,1
187,3,0,1,0,0,1,0,0,1,4.0,20.0,3.0,5.62,1.12,1.09,1.06,1,5.0,17.5,3.0,5.05,1.11,1.06,1.05,17.0,16.75,3.27,3.2199999999999998,1,187,-0.25,0.0,1,0,1,0,0,0.0,0,0
190,3,1,1,0,0,1,0,0,0,5.0,42.0,4.0,5.0,1.02,1.07,1.06,1,7.0,30.0,4.0,5.05,1.05,1.01,1.74,30.0,26.0,3.15,3.8,1,190,-4.0,0.009999999999999964,1,0,1,0,1,0.009999999999999964,1,1
196,4,1,1,0,0,1,0,0,0,8.0,19.0,4.0,5.0,0.95,0.85,1.06,1,0.0,30.0,3.0,5.05,1.0,0.9,2.11,21.5,18.0,2.86,4.01,1,196,-3.5,0.009999999999999964,1,0,0,1,1,0.009999999999999964,1,1
197,1,0,1,0,0,1,0,0,0,23.0,10.0,4.0,5.0,0.99,0.89,0.89,1,5.0,21.0,5.0,5.05,1.05,0.95,0.95,32.0,20.5,2.77,2.95,1,197,-11.5,0.009999999999999964,1,0,0,0,0,0.0,1,1
234,1,0,1,0,0,1,0,0,0,0.0,10.0,3.0,5.0,1.12,,0.49,1,10.0,4.0,3.0,5.05,1.04,1.01,0.58,8.0,15.0,,2.63,1,234,7.0,0.009999999999999964,1,0,0,0,0,0.0,0,0
240,3,1,1,0,0,1,0,0,0,15.0,35.0,3.0,5.1,1.18,1.02,1.06,1,15.0,15.0,3.0,5.05,1.1,1.0,1.05,35.5,25.5,3.2600000000000002,3.1500000000000004,1,240,-10.0,0.0,1,0,1,0,1,0.0,1,1
241,3,0,1,0,0,1,0,0,0,15.0,25.0,4.0,5.0,1.12,1.02,1.06,1,15.0,,4.0,5.05,1.15,1.05,1.05,31.5,,3.2,3.25,1,241,,0.009999999999999964,1,0,1,0,0,0.0,1,1
242,3,1,1,0,0,1,0,0,0,25.0,10.0,3.0,5.25,1.1,1.02,1.06,1,12.0,10.0,3.0,5.05,1.11,1.06,1.05,33.0,20.0,3.18,3.2199999999999998,1,242,-13.0,0.0,1,0,1,0,1,0.0,1,1
245,3,0,1,0,0,1,0,0,0,15.0,8.0,3.0,5.5,1.2,1.02,1.02,1,8.0,12.0,4.0,5.05,1.11,1.11,1.05,22.0,18.0,3.2399999999999998,3.2700000000000005,1,245,-4.0,0.0,1,0,1,0,0,0.0,1,1
259,1,0,1,1,0,0,0,0,0,13.0,12.0,4.0,5.0,1.02,0.85,0.85,1,15.0,15.0,4.0,5.05,1.05,,0.84,23.0,26.5,2.72,,1,259,3.5,0.009999999999999964,1,0,0,0,0,0.0,1,1
268,1,1,1,1,0,0,0,0,0,10.0,18.0,4.0,5.0,1.02,0.85,0.85,1,0.0,42.5,2.0,5.05,0.94,0.78,0.84,23.0,23.25,2.72,2.56,1,268,0.25,0.009999999999999964,1,0,0,0,1,0.009999999999999964,1,1
271,2,1,1,1,0,0,0,0,0,0.0,13.0,2.0,5.0,1.02,0.79,2.34,1,0.0,15.0,3.0,5.05,0.9,0.73,2.28,8.5,10.5,4.15,3.9099999999999997,1,271,2.0,0.009999999999999964,1,1,0,0,1,0.009999999999999964,0,0
272,2,1,1,1,0,0,0,0,0,4.0,11.0,3.0,5.05,0.95,0.74,2.34,1,2.0,14.0,3.0,5.25,0.94,0.73,2.32,12.5,12.0,4.029999999999999,3.9899999999999998,1,272,-0.5,0.0,1,1,0,0,1,0.0,0,0
274,2,1,1,1,0,0,0,0,0,0.0,15.0,2.0,5.5,0.91,0.74,2.34,1,3.0,7.0,3.0,5.05,,,2.32,9.5,9.5,3.9899999999999998,,1,274,0.0,0.0,1,1,0,0,1,0.0,0,0
276,2,1,1,1,0,0,0,0,0,5.0,10.0,3.0,5.0,0.95,0.74,2.19,1,5.0,15.0,3.0,5.05,0.95,0.73,2.32,13.0,15.5,3.88,4.0,1,276,2.5,0.009999999999999964,1,1,0,0,1,0.009999999999999964,0,0
296,1,1,1,0,0,1,0,0,0,5.0,16.0,4.0,5.3,1.06,0.95,1.01,1,4.0,9.0,6.0,5.05,1.05,0.94,1.0,17.0,14.5,3.0199999999999996,2.99,1,296,-2.5,0.0,1,0,0,0,1,0.0,0,0
299,2,1,1,0,0,1,0,0,0,3.0,8.0,2.0,5.0,1.06,0.85,2.34,1,6.0,12.0,2.0,5.05,1.05,0.84,2.32,9.0,14.0,4.25,4.21,1,299,5.0,0.009999999999999964,1,1,0,0,1,0.009999999999999964,0,0
301,2,1,1,0,0,1,0,0,0,8.0,12.0,5.0,5.0,1.06,0.85,2.34,1,2.0,7.0,1.0,5.05,0.94,0.84,2.32,19.0,6.5,4.25,4.1,1,301,-12.5,0.009999999999999964,1,1,0,0,1,0.009999999999999964,0,0
320,2,0,1,1,0,0,0,0,1,5.0,9.0,2.0,5.0,1.12,0.8,2.45,1,4.0,6.0,3.0,5.05,1.05,0.84,2.43,11.5,10.0,4.37,4.32,1,320,-1.5,0.009999999999999964,1,1,0,0,0,0.0,0,0
321,2,0,1,1,0,0,0,0,1,3.0,14.0,3.0,5.0,1.12,0.85,2.45,1,4.0,11.0,2.0,5.05,1.05,0.84,2.43,13.0,11.5,4.42,4.32,1,321,-1.5,0.009999999999999964,1,1,0,0,0,0.0,0,0
324,3,0,1,1,0,0,0,0,0,20.0,46.0,5.0,5.25,1.18,1.06,,1,22.0,39.0,5.0,5.05,1.22,1.05,1.05,48.0,46.5,,3.3200000000000003,1,324,-1.5,0.0,1,0,1,0,0,0.0,1,1
326,3,1,1,1,0,0,0,0,1,18.0,45.0,5.0,5.15,1.26,0.99,,1,0.0,45.0,4.0,5.05,1.22,,1.05,45.5,26.5,,,1,326,-19.0,0.0,1,0,1,0,1,0.0,1,1
330,4,0,1,1,0,0,0,0,1,4.0,16.0,3.0,5.42,1.01,0.86,0.95,1,3.0,20.0,3.0,5.67,0.94,0.79,1.26,15.0,16.0,2.8200000000000003,2.99,1,330,1.0,0.0,1,0,0,1,0,0.0,0,0
334,1,0,1,1,0,0,0,0,0,10.0,10.0,3.0,5.0,0.91,0.91,0.91,1,0.0,20.0,3.0,5.05,0.9,0.9,0.85,18.0,13.0,2.73,2.65,1,334,-5.0,0.009999999999999964,1,0,0,0,0,0.0,0,0
349,3,1,1,1,0,0,0,0,0,2.5,27.0,5.0,5.0,1.12,0.91,0.95,1,0.0,20.0,4.0,5.05,1.01,1.01,0.94,21.0,14.0,2.9800000000000004,2.96,1,349,-7.0,0.009999999999999964,1,0,1,0,1,0.009999999999999964,1,1
354,4,0,1,1,0,0,0,0,0,14.0,7.0,3.0,5.06,0.95,0.86,0.95,1,9.0,7.0,3.0,5.05,1.0,0.85,0.94,20.5,15.5,2.76,2.79,1,354,-5.0,0.0,1,0,0,1,0,0.0,1,1
356,4,0,1,1,0,0,0,0,0,11.5,10.0,4.0,5.05,0.95,0.8,1.06,1,0.0,28.0,4.0,5.05,1.0,0.85,1.05,20.5,18.0,2.81,2.9000000000000004,1,356,-2.5,0.0,1,0,0,1,0,0.0,1,1
357,4,0,1,0,0,1,0,0,0,4.5,20.0,3.0,5.0,0.95,0.86,0.95,1,21.0,6.0,3.0,5.25,1.0,0.84,2.35,17.5,27.0,2.76,4.1899999999999995,1,357,9.5,0.009999999999999964,1,0,0,1,0,0.0,0,0
371,1,0,1,0,0,1,0,0,0,12.0,23.0,4.0,5.0,1.06,1.02,0.95,1,11.0,22.0,5.0,5.25,,,,27.5,27.0,3.0300000000000002,,1,371,-0.5,0.009999999999999964,1,0,0,0,0,0.0,1,1
373,1,1,1,0,0,1,0,0,0,14.0,12.0,4.0,5.0,1.01,0.95,1.03,1,18.0,15.0,4.0,5.05,1.1,0.94,1.02,24.0,29.5,2.99,3.06,1,373,5.5,0.009999999999999964,1,0,0,0,1,0.009999999999999964,1,1
375,1,0,1,0,0,1,0,0,0,25.0,10.0,4.0,5.25,1.02,0.8,,1,0.0,25.0,4.0,5.5,1.05,0.94,1.01,34.0,16.5,,3.0,1,375,-17.5,0.0,1,0,0,0,0,0.0,1,1
378,1,1,1,0,0,1,0,0,0,10.0,8.0,4.0,5.0,1.1,0.96,1.1,1,20.0,15.0,4.0,5.05,1.05,0.99,1.03,18.0,31.5,3.16,3.0700000000000003,1,378,13.5,0.009999999999999964,1,0,0,0,1,0.009999999999999964,0,0
381,1,0,1,0,0,1,0,0,0,10.0,20.0,4.0,5.0,1.27,1.17,1.1,1,15.0,15.0,5.0,5.05,1.37,1.16,1.16,24.0,27.5,3.54,3.6900000000000004,1,381,3.5,0.009999999999999964,1,0,0,0,0,0.0,1,1
403,3,1,1,0,0,1,0,0,0,13.0,31.0,,5.05,1.09,1.12,1.06,1,11.0,23.0,3.0,5.05,1.11,1.06,1.05,,25.5,3.27,3.2199999999999998,1,403,,0.0,1,0,1,0,1,0.0,0,0
406,4,1,1,0,0,1,0,0,0,12.0,35.0,4.0,5.0,1.02,,2.14,1,17.0,22.0,4.0,5.5,0.84,0.94,1.99,33.5,32.0,,3.7699999999999996,1,406,-1.5,0.009999999999999964,1,0,0,1,1,0.009999999999999964,1,1
407,4,1,1,0,0,1,0,0,0,5.0,10.0,2.0,5.75,1.17,1.17,1.38,1,8.0,7.0,3.0,5.5,1.05,1.16,2.32,12.0,14.5,3.7199999999999998,4.529999999999999,1,407,2.5,0.0,1,0,0,1,1,0.0,0,0
409,1,0,1,0,0,1,0,0,0,3.0,60.0,2.0,5.0,1.19,0.87,0.95,1,0.0,15.0,3.0,5.05,1.09,1.04,1.01,35.0,10.5,3.01,3.1399999999999997,1,409,-24.5,0.009999999999999964,1,0,0,0,0,0.0,1,1
1,1,0,1,0,1,0,0,0,0,16.0,30.0,4.0,4.5,0.93,0.83,0.85,1,20.0,40.0,4.0,5.05,1.05,0.79,0.9,35.0,44.0,2.61,2.74,1,1,9.0,0.12222222222222218,1,0,0,0,0,0.0,1,1
2,1,0,1,0,1,0,0,0,0,10.0,6.0,3.0,4.75,1.06,0.91,0.96,1,7.5,10.0,3.0,5.25,1.05,1.01,0.94,16.0,15.5,2.93,3.0,1,2,-0.5,0.06315789473684207,1,0,0,0,0,0.0,0,0
3,2,0,1,0,1,0,0,0,0,6.0,13.0,3.0,4.25,1.06,0.95,3.09,1,4.0,7.0,3.0,5.05,1.05,0.94,2.75,15.5,10.5,5.1,4.74,1,3,-5.0,0.18823529411764703,1,1,0,0,0,0.0,0,0
4,3,0,1,0,1,0,0,0,0,10.0,12.0,3.0,4.75,1.06,1.0,2.13,1,5.0,30.0,4.0,5.05,1.22,1.37,0.89,19.0,24.0,4.1899999999999995,3.48,1,4,5.0,0.06315789473684207,1,0,1,0,0,0.0,0,0
5,3,0,1,0,1,0,0,0,0,5.0,30.0,4.0,4.5,0.95,,2.13,1,10.0,30.0,4.0,5.15,1.05,0.94,0.94,24.0,29.0,,2.9299999999999997,1,5,5.0,0.12222222222222218,1,0,1,0,0,0.0,1,1
8,4,0,1,0,1,0,0,0,0,,25.0,4.0,4.8,1.02,0.91,2.28,1,15.0,25.0,3.0,5.05,1.01,1.01,0.94,,30.5,4.21,2.96,1,8,,0.052083333333333336,1,0,0,1,0,0.0,0,0
9,1,0,1,0,1,0,0,0,0,12.0,40.0,4.0,4.37,1.04,0.67,0.85,1,0.0,32.0,4.0,5.05,1.11,0.92,1.01,36.0,20.0,2.56,3.04,1,9,-16.0,0.1556064073226544,1,0,0,0,0,0.0,1,1
10,1,0,1,0,1,0,0,0,0,15.0,20.0,4.0,4.25,1.04,0.85,0.85,1,15.0,15.0,4.0,5.05,0.94,0.87,0.94,29.0,26.5,2.74,2.75,1,10,-2.5,0.18823529411764703,1,0,0,0,0,0.0,1,1
11,1,0,1,0,1,0,0,0,0,10.0,30.0,4.0,4.25,1.09,0.89,0.91,1,12.0,24.0,3.0,5.05,1.05,0.87,0.94,29.0,27.0,2.89,2.86,1,11,-2.0,0.18823529411764703,1,0,0,0,0,0.0,1,1
12,1,0,1,0,1,0,0,0,0,6.5,23.5,3.0,4.37,1.05,0.79,0.91,1,15.0,15.0,4.0,5.05,1.01,0.92,0.94,21.25,26.5,2.75,2.87,1,12,5.25,0.1556064073226544,1,0,0,0,0,0.0,1,1
13,2,0,1,0,1,0,0,0,0,0.0,25.0,3.0,4.5,1.06,0.95,2.66,1,2.0,11.0,3.0,5.0,1.01,0.94,2.75,15.5,10.5,4.67,4.7,1,13,-5.0,0.12222222222222218,1,1,0,0,0,0.0,0,0
15,3,0,1,0,1,0,0,0,0,3.0,25.0,4.0,4.6,1.02,0.98,0.95,1,5.0,20.0,3.0,5.05,1.05,1.01,2.0,19.5,18.0,2.95,4.0600000000000005,1,15,-1.5,0.09782608695652178,1,0,1,0,0,0.0,1,1
16,3,0,1,0,1,0,0,0,0,6.0,22.0,4.0,4.5,1.0,1.0,,1,7.0,17.0,3.0,5.05,1.05,1.01,0.94,21.0,18.5,,3.0,1,16,-2.5,0.12222222222222218,1,0,1,0,0,0.0,1,1
17,3,0,1,0,1,0,0,0,0,0.0,20.0,4.0,4.37,1.06,1.0,2.02,1,4.0,35.0,4.0,5.05,1.05,0.94,0.95,14.0,25.5,4.08,2.94,1,17,11.5,0.1556064073226544,1,0,1,0,0,0.0,0,0
18,3,0,1,0,1,0,0,0,0,15.0,25.0,3.0,4.25,,,,1,8.0,38.0,5.0,5.05,1.05,1.0,0.63,30.5,32.0,,2.6799999999999997,1,18,1.5,0.18823529411764703,1,0,1,0,0,0.0,1,1
19,1,0,1,1,0,0,0,0,0,4.0,31.0,4.0,4.25,1.05,0.91,0.93,1,6.0,44.0,5.0,5.05,1.04,0.93,0.95,23.5,33.0,2.89,2.92,1,19,9.5,0.18823529411764703,1,0,0,0,0,0.0,1,1
21,2,0,1,1,0,0,0,0,0,5.0,12.0,3.0,4.45,1.06,0.8,2.13,1,0.0,11.0,2.0,5.05,0.94,0.94,2.43,14.0,7.5,3.99,4.3100000000000005,1,21,-6.5,0.13483146067415722,1,1,0,0,0,0.0,0,0
22,3,0,1,1,0,0,0,0,0,3.0,15.0,4.0,4.35,1.06,0.84,0.95,1,3.0,15.0,2.0,5.05,1.05,1.05,0.94,14.5,12.5,2.8499999999999996,3.04,1,22,-2.0,0.1609195402298851,1,0,1,0,0,0.0,0,0
23,1,0,1,0,0,1,0,0,0,0.0,25.0,3.0,4.5,1.06,0.95,0.95,1,14.0,14.0,3.0,5.05,1.05,0.94,0.94,15.5,24.0,2.96,2.9299999999999997,1,23,8.5,0.12222222222222218,1,0,0,0,0,0.0,0,0
24,1,0,1,0,1,0,0,0,0,15.0,15.0,4.0,4.75,1.06,0.95,1.01,1,15.0,20.0,4.0,5.05,1.05,0.94,1.0,26.5,29.0,3.0199999999999996,2.99,1,24,2.5,0.06315789473684207,1,0,0,0,0,0.0,1,1
28,2,0,1,0,0,1,0,0,0,0.0,14.0,1.0,4.5,1.06,1.17,2.56,1,6.0,2.0,3.0,,,1.05,2.64,8.0,10.0,4.79,,1,28,2.0,0.12222222222222218,1,1,0,0,0,0.0,0,0
29,2,0,1,0,0,1,0,0,0,0.0,7.0,2.0,4.5,1.06,1.01,2.56,1,0.0,13.0,3.0,5.05,1.05,1.05,2.64,5.5,9.5,4.630000000000001,4.74,1,29,4.0,0.12222222222222218,1,1,0,0,0,0.0,0,0
32,3,0,1,0,0,1,0,0,0,10.0,20.5,3.0,4.5,1.12,1.02,1.06,1,2.0,25.0,3.0,5.05,1.22,1.11,2.28,23.25,17.5,3.2,4.609999999999999,1,32,-5.75,0.12222222222222218,1,0,1,0,0,0.0,1,1
34,3,1,1,0,0,1,0,0,0,5.0,15.0,3.0,4.95,1.12,1.02,1.06,1,11.0,7.0,3.0,5.05,1.22,1.11,0.73,15.5,17.5,3.2,3.06,1,34,2.0,0.02020202020202013,1,0,1,0,1,0.02020202020202013,0,0
35,4,0,1,0,0,1,0,0,0,25.0,6.5,4.0,4.5,0.96,0.95,2.13,1,13.0,18.0,3.0,5.05,1.03,,,32.25,25.0,4.04,,1,35,-7.25,0.12222222222222218,1,0,0,1,0,0.0,1,1
38,1,0,1,0,1,0,0,0,0,15.0,20.0,5.0,4.25,1.05,0.95,0.98,1,10.0,20.0,6.0,5.05,0.98,0.82,0.76,30.0,26.0,2.98,2.5599999999999996,1,38,-4.0,0.18823529411764703,1,0,0,0,0,0.0,1,1
63,1,1,1,0,0,1,0,0,0,26.0,6.0,,4.25,1.1,0.97,1.17,1,15.0,10.0,4.0,5.05,1.11,1.01,1.09,,24.0,3.24,3.21,1,63,,0.18823529411764703,1,0,0,0,1,0.18823529411764703,0,0
64,1,0,1,0,0,1,0,0,0,20.0,15.0,3.0,4.5,1.06,0.95,0.95,1,13.0,13.0,3.0,5.05,1.05,0.95,0.95,30.5,22.5,2.96,2.95,1,64,-8.0,0.12222222222222218,1,0,0,0,0,0.0,1,1
65,1,0,1,0,0,1,0,0,0,0.0,20.0,4.0,4.8,1.06,0.85,1.11,2,,,,5.05,,,,14.0,,3.0200000000000005,,1,65,,0.052083333333333336,1,0,0,0,0,0.0,0,0
66,1,0,1,0,0,1,0,0,0,15.0,18.0,3.0,4.25,1.06,0.95,0.95,1,26.0,10.0,4.0,5.05,1.05,0.95,0.95,27.0,35.0,2.96,2.95,1,66,8.0,0.18823529411764703,1,0,0,0,0,0.0,1,1
67,1,0,1,0,0,1,0,0,0,5.0,15.0,6.0,4.5,1.17,1.06,1.17,1,4.0,17.5,5.0,5.05,1.32,1.05,1.22,18.5,17.75,3.4,3.59,1,67,-0.75,0.12222222222222218,1,0,0,0,0,0.0,0,0
68,1,0,1,0,0,1,0,0,0,30.0,10.0,3.0,4.25,1.07,1.02,1.02,1,13.0,17.0,3.0,5.05,1.05,0.95,0.95,38.0,24.5,3.11,2.95,1,68,-13.5,0.18823529411764703,1,0,0,0,0,0.0,1,1
69,1,0,1,0,0,1,0,0,0,0.0,27.0,3.0,4.25,1.17,0.95,0.95,1,0.0,27.0,3.0,5.05,1.26,1.01,1.0,16.5,16.5,3.0700000000000003,3.27,1,69,0.0,0.18823529411764703,1,0,0,0,0,0.0,0,0
70,1,0,1,0,0,1,0,0,0,35.0,20.0,5.0,4.5,1.06,0.95,1.02,1,10.0,30.0,5.0,5.05,1.05,0.95,1.01,50.0,30.0,3.03,3.01,1,70,-20.0,0.12222222222222218,1,0,0,0,0,0.0,1,1
71,1,0,1,0,0,1,0,0,0,0.0,35.0,3.0,4.75,1.06,0.95,0.95,1,29.0,14.0,3.0,5.05,1.05,0.95,0.95,20.5,39.0,2.96,2.95,1,71,18.5,0.06315789473684207,1,0,0,0,0,0.0,1,1
73,2,0,1,0,0,1,0,0,0,0.0,7.0,3.0,4.25,1.06,1.06,2.45,1,14.0,0.0,3.0,5.05,1.05,1.05,2.43,6.5,17.0,4.57,4.53,1,73,10.5,0.18823529411764703,1,1,0,0,0,0.0,0,0
75,2,0,1,0,0,1,0,0,0,3.0,15.0,3.0,4.25,1.17,1.27,2.77,1,4.0,11.0,3.0,5.05,1.16,1.16,2.75,13.5,12.5,5.21,5.07,1,75,-1.0,0.18823529411764703,1,1,0,0,0,0.0,0,0
76,3,1,1,0,0,1,0,0,0,8.0,32.0,4.0,4.25,1.12,1.02,1.02,1,25.0,15.0,6.0,5.05,1.11,1.06,1.05,28.0,38.5,3.16,3.2199999999999998,1,76,10.5,0.18823529411764703,1,0,1,0,1,0.18823529411764703,1,1
79,3,1,1,0,0,1,0,0,0,6.0,25.0,3.0,4.5,1.17,1.02,1.06,1,8.0,18.0,3.0,5.05,1.11,1.06,1.05,21.5,20.0,3.25,3.2199999999999998,1,79,-1.5,0.12222222222222218,1,0,1,0,1,0.12222222222222218,1,1
80,4,0,1,0,0,1,0,0,0,4.5,20.0,,4.25,1.06,0.98,1.06,1,11.0,14.0,3.0,5.05,1.12,0.98,0.99,,21.0,3.1,3.09,1,80,,0.18823529411764703,1,0,0,1,0,0.0,0,0
84,1,0,1,0,1,0,0,0,0,4.0,30.0,5.0,4.5,1.04,0.85,0.91,1,12.0,30.0,5.0,5.05,1.05,0.9,0.94,24.0,32.0,2.8000000000000003,2.89,1,84,8.0,0.12222222222222218,1,0,0,0,0,0.0,1,1
86,1,0,1,0,1,0,0,0,0,11.0,11.0,4.0,4.25,1.06,0.94,1.1,1,9.0,12.0,4.0,5.05,1.05,1.05,1.04,20.5,19.0,3.1,3.14,1,86,-1.5,0.18823529411764703,1,0,0,0,0,0.0,1,1
87,1,0,1,0,1,0,0,0,1,0.0,15.0,,4.5,1.06,0.86,1.02,1,0.0,30.0,5.0,5.05,1.0,0.99,1.04,,20.0,2.94,3.0300000000000002,1,87,,0.12222222222222218,1,0,0,0,0,0.0,0,0
88,1,0,1,1,0,0,0,0,0,3.0,35.0,3.0,4.25,1.06,0.87,0.91,1,4.0,37.0,4.0,5.05,1.05,0.87,0.94,23.5,26.5,2.8400000000000003,2.86,1,88,3.0,0.18823529411764703,1,0,0,0,0,0.0,1,1
91,1,1,1,0,1,0,0,0,1,8.0,22.0,4.0,4.25,1.09,0.93,1.04,1,0.0,30.0,4.0,5.05,1.11,1.05,1.05,23.0,19.0,3.06,3.21,1,91,-4.0,0.18823529411764703,1,0,0,0,1,0.18823529411764703,1,1
92,1,1,1,0,1,0,0,0,1,4.0,18.0,4.0,4.25,1.09,0.95,1.03,1,14.0,6.0,3.0,5.05,1.11,1.01,1.05,17.0,20.0,3.0700000000000003,3.17,1,92,3.0,0.18823529411764703,1,0,0,0,1,0.18823529411764703,0,0
93,1,1,1,0,0,1,0,0,0,2.5,30.0,3.0,4.25,,,0.96,1,5.0,25.0,5.0,5.05,1.11,1.05,1.05,20.5,22.5,,3.21,1,93,2.0,0.18823529411764703,1,0,0,0,1,0.18823529411764703,1,1
95,2,0,1,0,1,0,0,0,0,18.0,3.0,4.0,4.25,1.06,0.8,2.56,1,0.0,14.0,3.0,5.05,1.05,0.75,2.53,23.5,10.0,4.42,4.33,1,95,-13.5,0.18823529411764703,1,1,0,0,0,0.0,1,1
96,2,0,1,0,0,1,0,0,0,0.0,15.0,2.0,4.25,1.06,1.01,2.66,1,0.0,15.0,5.0,5.05,1.05,0.94,2.59,9.5,12.5,4.73,4.58,1,96,3.0,0.18823529411764703,1,1,0,0,0,0.0,0,0
97,2,0,1,0,1,0,0,0,0,0.0,12.0,4.0,4.25,1.02,0.75,2.56,1,2.5,11.0,3.0,5.05,1.05,0.8,2.54,10.0,11.0,4.33,4.390000000000001,1,97,1.0,0.18823529411764703,1,1,0,0,0,0.0,0,0
98,2,0,1,0,1,0,0,0,1,0.0,20.0,4.0,4.25,1.06,0.8,2.56,1,3.0,13.0,3.0,5.05,1.05,0.9,2.53,14.0,12.5,4.42,4.48,1,98,-1.5,0.18823529411764703,1,1,0,0,0,0.0,0,0
99,3,1,1,0,1,0,0,0,1,60.0,40.0,5.0,4.75,1.23,,2.3,1,30.0,50.0,4.0,5.05,1.22,1.17,2.32,85.0,59.0,,4.709999999999999,1,99,-26.0,0.06315789473684207,1,0,1,0,1,0.06315789473684207,1,1
101,3,0,1,0,1,0,0,0,1,4.5,15.0,3.0,4.75,1.2,1.18,1.06,1,10.0,12.0,3.0,5.05,1.15,1.1,1.05,15.0,19.0,3.44,3.3,1,101,4.0,0.06315789473684207,1,0,1,0,0,0.0,0,0
102,3,0,1,1,0,0,0,0,0,12.0,13.0,3.0,4.4,1.06,0.91,1.07,1,0.0,27.0,2.0,5.05,1.07,1.01,1.05,21.5,15.5,3.04,3.13,1,102,-6.0,0.1477272727272726,1,0,1,0,0,0.0,1,1
104,4,0,1,0,1,0,0,0,1,40.0,20.0,3.0,4.62,0.95,0.84,0.94,1,11.0,10.0,3.0,5.05,1.0,0.84,0.94,53.0,19.0,2.73,2.78,1,104,-34.0,0.09307359307359302,1,0,0,1,0,0.0,1,1
105,1,0,1,0,0,1,0,0,0,0.0,40.0,4.0,4.25,0.96,1.0,1.03,1,0.0,45.0,4.0,5.05,1.05,0.99,1.16,24.0,26.5,2.99,3.2,1,105,2.5,0.18823529411764703,1,0,0,0,0,0.0,1,1
106,1,0,1,0,0,1,0,0,0,0.0,35.0,3.0,4.25,1.06,0.95,0.95,1,2.0,25.0,3.0,5.05,1.05,0.95,0.95,20.5,17.5,2.96,2.95,1,106,-3.0,0.18823529411764703,1,0,0,0,0,0.0,1,1
107,1,1,1,0,0,1,0,0,0,6.0,11.0,3.0,4.25,1.17,0.95,0.95,1,13.5,10.0,2.0,5.05,,1.01,1.0,14.5,20.5,3.0700000000000003,,1,107,6.0,0.18823529411764703,1,0,0,0,1,0.18823529411764703,0,0
108,1,0,1,0,0,1,0,0,0,13.5,15.0,4.0,4.25,1.27,1.01,1.06,1,11.0,24.0,5.0,5.05,1.37,1.02,1.05,25.0,28.0,3.3400000000000003,3.4400000000000004,1,108,3.0,0.18823529411764703,1,0,0,0,0,0.0,1,1
111,3,0,1,0,0,1,0,0,0,17.0,14.0,3.0,4.25,1.17,1.06,1.01,1,20.0,14.5,3.0,5.05,1.16,1.16,1.0,27.0,30.25,3.24,3.32,1,111,3.25,0.18823529411764703,1,0,1,0,0,0.0,1,1
114,1,0,1,0,1,0,0,0,0,0.0,35.0,5.0,4.75,1.07,0.95,0.95,1,20.0,40.0,4.0,5.25,1.11,0.94,0.94,22.5,44.0,2.9699999999999998,2.9899999999999998,1,114,21.5,0.06315789473684207,1,0,0,0,0,0.0,1,1
115,1,0,1,0,1,0,0,0,0,20.0,25.0,4.0,4.75,1.06,0.95,1.06,1,6.0,15.0,4.0,5.05,1.05,0.95,1.01,36.5,17.5,3.07,3.01,1,115,-19.0,0.06315789473684207,1,0,0,0,0,0.0,1,1
116,1,0,1,0,1,0,0,0,0,4.0,22.5,2.0,4.25,1.49,1.02,1.11,1,22.0,12.0,3.0,5.05,1.39,0.95,1.21,17.25,31.0,3.62,3.55,1,116,13.75,0.18823529411764703,1,0,0,0,0,0.0,0,0
118,1,0,1,0,0,1,0,0,0,10.0,15.0,4.0,4.25,1.06,0.95,1.01,1,18.0,20.0,3.0,5.05,1.05,0.94,1.0,21.5,31.0,3.0199999999999996,2.99,1,118,9.5,0.18823529411764703,1,0,0,0,0,0.0,1,1
119,1,0,1,0,0,1,0,0,0,12.0,19.0,3.0,4.75,1.06,0.91,0.95,1,18.0,13.0,4.0,5.05,1.05,0.89,0.95,24.5,28.5,2.92,2.8899999999999997,1,119,4.0,0.06315789473684207,1,0,0,0,0,0.0,1,1
120,1,1,1,0,1,0,0,0,0,0.0,32.0,3.0,4.5,1.13,0.98,1.04,1,0.0,30.0,4.0,5.05,1.05,1.05,1.05,19.0,19.0,3.15,3.1500000000000004,1,120,0.0,0.12222222222222218,1,0,0,0,1,0.12222222222222218,0,0
122,1,0,1,0,0,1,0,0,0,1.0,38.0,5.0,4.25,,1.12,1.12,1,10.0,50.0,6.0,5.05,1.15,0.94,1.15,25.0,41.0,,3.2399999999999998,1,122,16.0,0.18823529411764703,1,0,0,0,0,0.0,1,1
124,1,0,1,0,1,0,0,0,0,8.0,10.0,3.0,4.25,1.06,0.91,1.04,1,21.0,6.0,4.0,5.05,1.16,0.94,1.12,16.0,28.0,3.0100000000000002,3.2199999999999998,1,124,12.0,0.18823529411764703,1,0,0,0,0,0.0,0,0
125,2,0,1,0,1,0,0,0,0,15.0,0.0,4.0,4.5,0.91,0.85,2.34,1,0.0,15.0,2.0,5.05,1.01,1.01,2.49,19.0,9.5,4.1,4.51,1,125,-9.5,0.12222222222222218,1,1,0,0,0,0.0,0,0
130,3,1,1,0,1,0,0,0,0,7.0,25.5,3.0,4.5,1.12,1.07,1.0,1,2.0,38.0,4.0,5.05,1.11,1.06,1.05,22.75,25.0,3.1900000000000004,3.2199999999999998,1,130,2.25,0.12222222222222218,1,0,1,0,1,0.12222222222222218,1,1
132,3,1,1,0,1,0,0,0,0,20.0,20.0,5.0,4.5,1.28,1.06,2.3,1,15.0,20.0,3.0,5.5,,,,35.0,28.0,4.64,,1,132,-7.0,0.12222222222222218,1,0,1,0,1,0.12222222222222218,1,1
133,3,1,1,0,1,0,0,0,0,6.0,16.0,2.0,4.75,1.12,1.07,1.06,1,3.0,20.0,3.0,5.05,1.11,1.06,2.11,16.0,16.0,3.2500000000000004,4.279999999999999,1,133,0.0,0.06315789473684207,1,0,1,0,1,0.06315789473684207,0,0
134,3,0,1,0,1,0,0,0,0,5.5,25.0,3.0,4.62,1.09,,0.95,1,6.0,27.5,3.0,5.05,1.11,1.06,0.94,21.0,22.75,,3.11,1,134,1.75,0.09307359307359302,1,0,1,0,0,0.0,1,1
136,3,1,1,0,1,0,0,0,0,14.5,14.5,5.0,4.25,1.12,1.07,1.1,0,,,,,,,,26.75,,3.2900000000000005,,1,136,,0.18823529411764703,1,0,1,0,1,0.18823529411764703,1,1
137,3,1,1,0,0,1,0,0,0,15.0,25.0,3.0,4.25,1.12,1.06,1.02,1,12.0,30.0,5.0,5.05,1.11,1.11,1.05,30.5,32.0,3.2,3.2700000000000005,1,137,1.5,0.18823529411764703,1,0,1,0,1,0.18823529411764703,1,1
140,4,0,1,0,1,0,0,0,0,0.0,40.0,3.0,4.5,0.91,0.86,1.06,1,5.0,35.0,5.0,5.67,1.0,0.94,1.05,23.0,27.5,2.83,2.99,1,140,4.5,0.12222222222222218,1,0,0,1,0,0.0,1,1
141,4,0,1,0,1,0,0,0,0,10.0,15.0,4.0,4.75,1.02,0.91,1.06,1,10.0,25.0,3.0,5.05,1.05,0.84,1.34,21.5,25.5,2.99,3.2300000000000004,1,141,4.0,0.06315789473684207,1,0,0,1,0,0.0,1,1
142,4,0,1,0,0,1,0,0,0,15.0,35.0,4.0,4.25,1.06,0.95,1.06,1,40.0,31.0,5.0,5.05,1.01,0.89,1.26,36.5,60.5,3.07,3.16,1,142,24.0,0.18823529411764703,1,0,0,1,0,0.0,1,1
146,1,0,1,0,0,1,0,0,0,8.0,20.0,5.0,4.8,1.06,1.0,1.06,1,0.0,32.0,4.5,5.05,1.05,0.99,1.05,23.0,20.5,3.12,3.09,1,146,-2.5,0.052083333333333336,1,0,0,0,0,0.0,1,1
149,1,0,1,0,0,1,0,0,0,0.0,20.0,4.0,4.5,1.06,0.95,0.95,1,8.0,10.0,3.0,5.05,1.05,0.94,0.94,14.0,16.0,2.96,2.9299999999999997,1,149,2.0,0.12222222222222218,1,0,0,0,0,0.0,0,0
150,1,0,1,0,0,1,0,0,0,0.0,27.5,3.5,4.67,1.23,0.89,0.89,1,12.0,20.0,3.0,5.75,1.11,0.88,0.88,17.25,25.0,3.0100000000000002,2.87,1,150,7.75,0.08137044967880083,1,0,0,0,0,0.0,0,0
156,1,0,1,0,0,1,0,0,0,8.0,15.0,3.0,4.87,1.06,0.95,1.02,1,2.0,18.0,2.0,5.05,0.95,0.94,1.01,18.5,13.0,3.03,2.9,1,156,-5.5,0.03696098562628331,1,0,0,0,0,0.0,0,0
158,2,0,1,0,0,1,0,0,0,2.0,7.0,3.0,4.5,0.92,0.7,2.34,1,3.0,4.0,4.0,5.05,0.95,0.94,2.49,8.5,9.0,3.96,4.38,1,158,0.5,0.12222222222222218,1,1,0,0,0,0.0,0,0
159,2,0,1,0,0,1,0,0,0,6.0,12.0,2.0,4.5,0.98,0.85,2.34,1,10.0,5.0,4.0,5.25,0.95,0.84,2.49,14.0,16.5,4.17,4.28,1,159,2.5,0.12222222222222218,1,1,0,0,0,0.0,0,0
162,3,1,1,0,0,1,0,0,0,0.0,40.0,3.0,4.75,1.12,1.02,1.06,1,3.0,30.0,3.0,5.05,1.11,1.01,1.05,23.0,21.0,3.2,3.17,1,162,-2.0,0.06315789473684207,1,0,1,0,1,0.06315789473684207,1,1
166,4,0,1,0,0,1,0,0,0,8.0,32.0,5.0,4.75,0.95,0.85,1.06,1,0.0,35.0,4.0,5.05,1.11,0.84,1.26,29.0,21.5,2.86,3.21,1,166,-7.5,0.06315789473684207,1,0,0,1,0,0.0,1,1
168,1,0,1,0,0,1,0,0,0,5.0,20.0,4.0,4.25,1.06,0.95,0.95,1,0.0,32.0,4.0,5.25,1.11,0.95,1.14,19.0,20.0,2.96,3.2,1,168,1.0,0.18823529411764703,1,0,0,0,0,0.0,0,0
171,1,1,1,0,0,1,0,0,1,2.0,32.0,3.0,4.25,1.09,0.95,1.04,1,10.0,12.5,5.0,5.05,1.18,1.04,1.03,21.0,21.25,3.08,3.25,1,171,0.25,0.18823529411764703,1,0,0,0,1,0.18823529411764703,1,1
172,1,0,1,0,0,1,0,0,0,0.0,24.0,5.0,4.75,1.12,1.02,1.06,1,7.0,23.0,3.0,5.05,1.11,1.01,1.05,17.0,21.5,3.2,3.17,1,172,4.5,0.06315789473684207,1,0,0,0,0,0.0,0,0
173,1,0,1,0,0,1,0,0,0,6.0,40.0,10.0,4.85,1.06,0.95,0.98,1,11.0,30.0,5.0,5.05,1.05,0.94,1.04,36.0,31.0,2.9899999999999998,3.0300000000000002,1,173,-5.0,0.041237113402061897,1,0,0,0,0,0.0,1,1
174,1,0,1,0,0,1,0,0,1,11.0,20.0,4.0,4.75,1.18,0.88,0.98,1,20.0,20.0,3.0,5.05,1.05,0.9,0.98,25.0,33.0,3.04,2.93,1,174,8.0,0.06315789473684207,1,0,0,0,0,0.0,1,1
176,1,0,1,0,0,1,0,0,0,15.0,21.0,4.0,4.62,1.06,,1.05,1,20.0,27.5,4.0,5.05,1.04,1.06,,29.5,37.75,,,1,176,8.25,0.09307359307359302,1,0,0,0,0,0.0,1,1
178,2,1,1,0,0,1,0,0,1,13.0,12.0,3.0,4.25,0.91,0.85,2.34,1,1.0,10.0,3.0,5.05,1.01,0.94,2.64,22.0,9.0,4.1,4.59,1,178,-13.0,0.18823529411764703,1,1,0,0,1,0.18823529411764703,1,1
179,2,0,1,0,0,1,0,0,0,2.0,12.0,3.0,4.25,0.91,0.91,2.34,1,2.0,10.0,4.0,5.05,0.94,0.84,2.49,11.0,11.0,4.16,4.27,1,179,0.0,0.18823529411764703,1,1,0,0,0,0.0,0,0
180,2,0,1,0,0,1,0,0,1,8.0,3.0,4.0,4.5,1.06,1.01,2.66,1,0.0,17.5,4.0,5.05,1.05,1.05,2.85,13.5,12.75,4.73,4.95,1,180,-0.75,0.12222222222222218,1,1,0,0,0,0.0,0,0
182,2,0,1,1,0,0,0,0,1,3.0,15.0,3.0,4.5,1.06,1.01,2.66,1,0.0,15.0,3.0,5.05,1.05,1.0,2.73,13.5,10.5,4.73,4.779999999999999,1,182,-3.0,0.12222222222222218,1,1,0,0,0,0.0,0,0
183,2,0,1,0,0,1,0,0,0,12.0,4.0,4.0,4.62,1.06,1.01,2.66,1,15.0,10.0,2.0,5.05,1.05,1.0,2.75,18.0,22.0,4.73,4.8,1,183,4.0,0.09307359307359302,1,1,0,0,0,0.0,0,0
185,2,0,1,0,1,0,0,0,1,2.0,9.0,3.0,4.5,1.06,1.01,2.66,1,2.0,6.0,3.0,5.05,1.05,1.0,2.75,9.5,8.0,4.73,4.8,1,185,-1.5,0.12222222222222218,1,1,0,0,0,0.0,0,0
186,3,0,1,0,0,1,0,0,0,10.0,20.0,4.0,4.75,1.12,1.02,0.95,1,12.0,18.0,4.0,5.05,1.17,1.06,0.95,24.0,25.0,3.09,3.1799999999999997,1,186,1.0,0.06315789473684207,1,0,1,0,0,0.0,1,1
189,3,0,1,0,0,1,0,0,0,4.0,15.0,3.0,4.75,1.12,1.07,1.12,1,0.0,19.0,3.0,5.05,1.11,1.06,1.05,14.5,12.5,3.3100000000000005,3.2199999999999998,1,189,-2.0,0.06315789473684207,1,0,1,0,0,0.0,0,0
192,4,0,1,0,0,1,0,0,0,20.0,10.0,4.0,4.87,0.91,0.85,1.06,1,4.5,30.0,3.0,5.25,1.05,0.84,1.26,29.0,22.5,2.8200000000000003,3.1500000000000004,1,192,-6.5,0.03696098562628331,1,0,0,1,0,0.0,1,1
193,4,0,1,0,0,1,0,0,1,1.0,13.0,3.0,4.5,0.95,0.85,0.99,1,4.0,9.0,3.0,5.05,1.01,0.9,1.26,10.5,11.5,2.79,3.17,1,193,1.0,0.12222222222222218,1,0,0,1,0,0.0,0,0
195,4,0,1,0,0,1,0,0,1,0.0,30.0,3.0,4.25,1.06,0.85,1.06,1,8.0,25.0,3.0,5.05,0.94,0.84,2.11,18.0,23.5,2.97,3.8899999999999997,1,195,5.5,0.18823529411764703,1,0,0,1,0,0.0,0,0
198,1,0,1,0,0,1,0,0,0,,,4.0,4.25,1.06,0.95,0.95,1,10.0,32.0,4.0,5.05,1.05,0.94,0.94,,30.0,2.96,2.9299999999999997,1,198,,0.18823529411764703,1,0,0,0,0,0.0,0,0
199,2,0,1,0,0,1,0,0,0,0.0,12.0,3.0,4.35,0.85,0.8,2.34,1,11.0,3.0,4.0,5.05,0.91,0.9,2.45,9.0,16.5,3.9899999999999998,4.26,1,199,7.5,0.1609195402298851,1,1,0,0,0,0.0,0,0
200,1,0,1,0,0,1,0,0,0,0.0,60.0,3.0,4.25,1.06,0.91,0.98,1,5.0,40.0,4.0,5.05,1.05,0.94,0.98,33.0,29.0,2.95,2.9699999999999998,1,200,-4.0,0.18823529411764703,1,0,0,0,0,0.0,1,1
201,1,0,1,0,0,1,0,0,0,0.0,33.0,3.0,4.5,1.06,1.02,0.95,1,16.0,22.0,3.0,5.05,1.05,0.95,0.95,19.5,30.0,3.0300000000000002,2.95,1,201,10.5,0.12222222222222218,1,0,0,0,0,0.0,1,1
202,1,0,1,0,0,1,0,0,0,30.0,14.0,4.0,4.25,1.17,0.95,0.63,1,13.0,11.0,4.0,5.05,1.15,0.95,0.64,41.0,22.5,2.75,2.7399999999999998,1,202,-18.5,0.18823529411764703,1,0,0,0,0,0.0,1,1
203,1,0,1,0,0,1,0,0,0,9.0,12.0,2.0,4.25,1.06,0.95,0.95,1,4.0,34.0,3.0,5.05,1.05,0.95,0.95,17.0,24.0,2.96,2.95,1,203,7.0,0.18823529411764703,1,0,0,0,0,0.0,0,0
204,1,0,1,0,0,1,0,0,0,10.0,8.5,4.0,4.25,1.06,1.0,1.06,1,12.0,13.5,3.0,5.05,1.05,0.99,1.05,18.25,21.75,3.12,3.09,1,204,3.5,0.18823529411764703,1,0,0,0,0,0.0,0,0
207,2,1,1,0,0,1,0,0,0,8.0,10.0,4.0,4.75,1.06,0.85,2.34,1,8.5,6.0,2.0,5.2,1.05,0.84,2.32,17.0,13.5,4.25,4.21,1,207,-3.5,0.06315789473684207,1,1,0,0,1,0.06315789473684207,0,0
208,3,1,1,0,0,1,0,0,0,12.0,32.0,4.0,4.62,1.19,0.94,0.85,1,5.0,32.0,3.0,5.05,1.06,1.06,1.05,32.0,24.0,2.98,3.17,1,208,-8.0,0.09307359307359302,1,0,1,0,1,0.09307359307359302,1,1
209,3,1,1,0,0,1,0,0,0,4.0,36.0,4.0,4.25,1.17,0.95,0.95,1,6.0,37.0,4.0,5.05,1.11,1.06,1.05,26.0,28.5,3.0700000000000003,3.2199999999999998,1,209,2.5,0.18823529411764703,1,0,1,0,1,0.18823529411764703,1,1
210,4,1,1,0,0,1,0,0,0,0.0,19.0,2.0,4.5,1.06,0.95,0.95,1,0.0,14.0,3.0,5.05,,,,11.5,10.0,2.96,,1,210,-1.5,0.12222222222222218,1,0,0,1,1,0.12222222222222218,0,0
211,1,0,1,1,0,0,0,0,0,3.0,28.0,4.0,4.5,1.02,0.95,0.95,1,2.0,35.0,4.0,5.05,,0.9,,21.0,23.5,2.92,,1,211,2.5,0.12222222222222218,1,0,0,0,0,0.0,1,1
212,1,0,1,1,0,0,0,0,0,11.0,17.5,3.0,4.5,1.06,0.88,0.84,1,20.0,15.0,3.0,5.05,1.05,0.94,0.89,22.75,30.5,2.78,2.88,1,212,7.75,0.12222222222222218,1,0,0,0,0,0.0,1,1
213,1,1,1,1,0,0,0,0,0,4.5,20.0,4.0,4.55,0.96,0.93,0.93,1,12.0,17.5,4.0,5.05,1.05,0.94,0.94,18.5,24.75,2.8200000000000003,2.9299999999999997,1,213,6.25,0.10989010989010989,1,0,0,0,1,0.10989010989010989,0,0
214,1,0,1,1,0,0,0,0,0,2.0,30.0,3.0,4.62,1.02,0.89,0.91,1,0.0,35.0,5.0,5.05,1.04,0.93,0.96,20.0,22.5,2.8200000000000003,2.93,1,214,2.5,0.09307359307359302,1,0,0,0,0,0.0,1,1
215,1,0,1,1,0,0,0,0,0,10.0,10.0,3.0,4.5,1.06,0.89,0.91,1,20.0,10.0,3.0,5.05,0.93,0.84,0.93,18.0,28.0,2.8600000000000003,2.7,1,215,10.0,0.12222222222222218,1,0,0,0,0,0.0,0,0
216,2,0,1,1,0,0,0,0,0,2.0,11.0,3.0,4.25,1.06,0.95,2.77,1,2.0,18.0,3.0,5.05,1.05,0.94,2.75,10.5,14.0,4.779999999999999,4.74,1,216,3.5,0.18823529411764703,1,1,0,0,0,0.0,0,0
217,2,1,1,1,0,0,0,0,0,2.0,13.0,2.0,4.25,0.95,0.74,2.19,1,0.0,12.0,3.0,5.05,0.94,0.73,2.32,10.5,9.0,3.88,3.9899999999999998,1,217,-1.5,0.18823529411764703,1,1,0,0,1,0.18823529411764703,0,0
218,2,1,1,1,0,0,0,0,0,7.0,4.0,2.0,4.35,0.85,0.74,2.34,1,5.0,3.0,3.0,5.05,0.95,0.73,2.19,11.0,9.5,3.9299999999999997,3.87,1,218,-1.5,0.1609195402298851,1,1,0,0,1,0.1609195402298851,0,0
219,2,1,1,1,0,0,0,0,0,3.0,9.0,3.0,4.25,0.91,0.74,2.34,1,9.0,9.0,2.0,5.05,0.94,0.73,2.53,10.5,15.5,3.9899999999999998,4.199999999999999,1,219,5.0,0.18823529411764703,1,1,0,0,1,0.18823529411764703,0,0
220,2,0,1,1,0,0,0,0,0,3.0,15.0,2.0,4.25,1.06,0.95,2.77,1,3.0,12.0,3.0,5.05,1.09,0.9,2.75,12.5,12.0,4.779999999999999,4.74,1,220,-0.5,0.18823529411764703,1,1,0,0,0,0.0,0,0
221,2,0,1,1,0,0,0,0,0,1.0,28.0,3.0,4.6,1.02,0.95,2.56,1,1.0,15.0,3.0,5.05,1.05,0.94,2.53,18.0,11.5,4.53,4.52,1,221,-6.5,0.09782608695652178,1,1,0,0,0,0.0,0,0
222,3,1,1,1,0,0,0,0,0,2.0,24.0,3.0,4.25,1.12,0.85,1.06,1,2.0,15.0,3.0,5.05,1.01,1.01,0.89,17.0,12.5,3.0300000000000002,2.91,1,222,-4.5,0.18823529411764703,1,0,1,0,1,0.18823529411764703,0,0
223,3,1,1,1,0,0,0,0,0,3.0,18.0,3.0,4.75,,,,1,3.0,20.0,3.0,5.05,1.01,1.01,0.94,15.0,16.0,,2.96,1,223,1.0,0.06315789473684207,1,0,1,0,1,0.06315789473684207,0,0
225,3,1,1,1,0,0,0,0,0,3.0,27.0,3.0,4.75,1.06,0.91,0.91,1,12.0,25.0,4.0,5.05,1.01,1.01,0.94,19.5,28.5,2.8800000000000003,2.96,1,225,9.0,0.06315789473684207,1,0,1,0,1,0.06315789473684207,1,1
226,4,0,1,1,0,0,0,0,0,0.0,22.0,2.0,4.25,0.95,0.71,0.95,1,0.0,26.0,2.0,5.3,1.0,0.85,0.94,13.0,15.0,2.61,2.79,1,226,2.0,0.18823529411764703,1,0,0,1,0,0.0,0,0
228,4,0,1,1,0,0,0,0,0,3.0,28.5,3.0,4.5,0.95,0.86,0.95,1,11.0,19.0,3.0,5.05,1.0,0.84,0.89,20.25,23.5,2.76,2.73,1,228,3.25,0.12222222222222218,1,0,0,1,0,0.0,1,1
229,1,0,1,0,0,1,0,0,0,3.0,40.0,3.0,4.5,0.95,0.95,1.06,1,22.0,11.0,3.0,5.5,1.01,0.94,0.94,26.0,30.5,2.96,2.8899999999999997,1,229,4.5,0.12222222222222218,1,0,0,0,0,0.0,1,1
230,1,0,1,0,0,1,0,0,0,0.0,25.0,3.0,4.25,1.02,0.95,0.95,1,15.0,17.0,3.0,5.05,1.05,0.94,0.94,15.5,26.5,2.92,2.9299999999999997,1,230,11.0,0.18823529411764703,1,0,0,0,0,0.0,0,0
232,1,0,1,0,0,1,0,0,0,18.0,6.0,3.0,4.75,1.06,0.95,0.95,1,18.0,10.0,4.0,5.05,1.05,0.95,0.95,24.0,27.0,2.96,2.95,1,232,3.0,0.06315789473684207,1,0,0,0,0,0.0,1,1
233,1,0,1,0,0,1,0,0,0,19.0,7.0,3.0,4.65,1.17,0.95,0.95,1,15.0,7.0,3.0,5.05,1.05,0.94,0.94,25.5,21.5,3.0700000000000003,2.9299999999999997,1,233,-4.0,0.08602150537634397,1,0,0,0,0,0.0,1,1
235,1,0,1,0,0,1,0,0,0,5.0,17.0,1.0,4.25,1.02,0.95,1.04,1,,28.0,3.0,5.05,1.11,1.11,1.03,14.5,,3.01,3.25,1,235,,0.18823529411764703,1,0,0,0,0,0.0,0,0
237,1,0,1,0,0,1,0,0,0,12.0,11.0,4.0,4.25,1.11,0.95,1.01,1,9.0,17.0,4.0,5.05,0.94,0.94,1.0,21.5,21.5,3.0700000000000003,2.88,1,237,0.0,0.18823529411764703,1,0,0,0,0,0.0,1,1
238,2,1,1,0,0,1,0,0,0,0.0,22.0,3.0,4.75,1.06,1.02,2.34,1,25.0,15.0,5.0,5.05,1.05,1.05,2.32,14.0,37.5,4.42,4.42,1,238,23.5,0.06315789473684207,1,1,0,0,1,0.06315789473684207,0,0
239,2,0,1,0,0,1,0,0,0,15.0,4.0,3.0,4.25,1.05,0.95,2.74,1,0.0,19.0,2.0,5.05,1.05,0.84,2.32,20.0,11.5,4.74,4.21,1,239,-8.5,0.18823529411764703,1,1,0,0,0,0.0,1,1
243,3,1,1,0,0,1,0,0,0,7.0,25.0,3.0,4.5,1.07,1.02,0.74,1,7.0,22.0,3.0,5.05,1.11,1.06,1.05,22.5,21.0,2.83,3.2199999999999998,1,243,-1.5,0.12222222222222218,1,0,1,0,1,0.12222222222222218,1,1
244,3,1,1,0,0,1,0,0,0,12.0,30.0,3.0,4.25,1.17,1.12,1.02,1,16.0,12.0,6.0,5.05,1.11,1.12,1.05,30.0,28.0,3.31,3.2800000000000002,1,244,-2.0,0.18823529411764703,1,0,1,0,1,0.18823529411764703,1,1
247,4,0,1,0,0,1,0,0,0,0.0,40.0,4.0,4.5,1.06,1.05,1.06,1,0.0,40.0,4.0,5.05,1.11,1.09,2.07,24.0,24.0,3.1700000000000004,4.27,1,247,0.0,0.12222222222222218,1,0,0,1,0,0.0,1,1
248,4,0,1,0,0,1,0,0,0,8.0,16.0,6.0,4.75,1.17,0.95,0.85,1,10.0,14.0,6.0,5.05,1.37,0.95,2.03,22.0,23.0,2.97,4.35,1,248,1.0,0.06315789473684207,1,0,0,1,0,0.0,1,1
249,1,0,1,1,0,0,0,0,1,6.0,6.0,4.0,4.37,1.13,1.06,0.95,1,10.0,12.0,3.0,5.05,1.01,1.01,0.94,13.0,19.0,3.1399999999999997,2.96,1,249,6.0,0.1556064073226544,1,0,0,0,0,0.0,0,0
250,2,1,1,1,0,0,0,0,1,1.0,4.0,2.0,4.5,0.85,,,1,2.0,4.0,3.0,5.05,0.94,0.84,2.52,5.0,7.0,,4.3,1,250,2.0,0.12222222222222218,1,1,0,0,1,0.12222222222222218,0,0
253,3,1,1,1,0,0,0,0,0,7.0,7.0,3.0,4.87,1.23,1.06,2.3,1,4.0,8.0,6.0,5.05,1.23,1.11,2.28,13.5,14.0,4.59,4.619999999999999,1,253,0.5,0.03696098562628331,1,0,1,0,1,0.03696098562628331,0,0
257,1,0,1,1,0,0,0,0,1,20.0,10.0,3.0,4.25,1.02,0.88,0.91,2,,,,,,,,28.0,,2.81,,1,257,,0.18823529411764703,1,0,0,0,0,0.0,1,1
258,1,0,1,1,0,0,0,0,0,4.0,22.0,3.0,4.25,1.06,0.92,0.9,1,20.0,18.0,3.0,5.05,1.08,0.94,0.84,18.0,32.0,2.88,2.86,1,258,14.0,0.18823529411764703,1,0,0,0,0,0.0,0,0
260,1,1,1,1,0,0,0,0,0,10.0,20.0,4.0,4.25,1.06,0.93,0.88,1,4.0,26.0,5.0,5.05,1.09,0.94,0.93,24.0,22.0,2.87,2.9600000000000004,1,260,-2.0,0.18823529411764703,1,0,0,0,1,0.18823529411764703,1,1
262,1,0,1,1,0,0,0,0,0,7.0,13.0,3.0,4.25,1.06,0.95,1.06,1,0.0,22.5,3.0,5.05,1.08,1.02,0.87,16.5,14.25,3.07,2.97,1,262,-2.25,0.18823529411764703,1,0,0,0,0,0.0,0,0
264,1,0,1,1,0,0,0,0,0,0.0,10.0,2.0,4.25,1.02,0.88,0.91,1,0.0,23.0,5.0,5.05,1.05,1.11,0.94,7.0,16.5,2.81,3.1,1,264,9.5,0.18823529411764703,1,0,0,0,0,0.0,0,0
265,1,0,1,1,0,0,0,0,0,0.0,20.0,1.0,4.25,1.02,0.88,0.94,3,0.0,0.0,0.0,,,,,11.0,0.0,2.84,,1,265,-11.0,0.18823529411764703,1,0,0,0,0,0.0,0,0
267,1,0,1,1,0,0,0,0,0,6.5,20.0,3.0,4.25,0.9,0.8,0.8,1,30.0,25.0,5.0,5.05,1.05,0.88,0.91,19.5,47.5,2.5,2.8400000000000003,1,267,28.0,0.18823529411764703,1,0,0,0,0,0.0,1,1
269,2,1,1,1,0,0,0,0,0,2.0,10.0,3.0,4.45,0.95,0.69,1.5,1,10.0,3.0,4.0,5.05,0.94,0.73,2.32,10.0,15.5,3.1399999999999997,3.9899999999999998,1,269,5.5,0.13483146067415722,1,1,0,0,1,0.13483146067415722,0,0
273,2,1,1,1,0,0,0,0,0,2.0,14.0,4.0,4.62,0.95,0.74,2.34,1,2.0,11.0,3.0,5.05,0.95,0.74,2.32,13.0,10.5,4.029999999999999,4.01,1,273,-2.5,0.09307359307359302,1,1,0,0,1,0.09307359307359302,0,0
275,2,1,1,1,0,0,0,0,0,4.0,4.0,4.0,4.25,0.95,0.79,2.34,1,1.0,8.0,2.0,5.05,0.94,0.73,2.32,10.0,7.0,4.08,3.9899999999999998,1,275,-3.0,0.18823529411764703,1,1,0,0,1,0.18823529411764703,0,0
277,2,1,1,1,0,0,0,0,0,2.0,15.0,3.0,4.25,0.95,0.85,2.34,1,1.0,14.0,3.0,5.05,0.94,0.73,2.32,12.5,11.0,4.14,3.9899999999999998,1,277,-1.5,0.18823529411764703,1,1,0,0,1,0.18823529411764703,0,0
278,2,1,1,1,0,0,0,0,0,3.0,4.0,3.0,4.25,0.95,0.74,2.19,1,0.0,9.0,4.0,5.05,0.95,0.73,2.32,8.0,8.5,3.88,4.0,1,278,0.5,0.18823529411764703,1,1,0,0,1,0.18823529411764703,0,0
282,3,1,1,1,0,0,0,0,0,2.0,14.0,3.0,4.25,1.06,0.91,0.79,3,0.0,0.0,0.0,,,,,12.0,0.0,2.7600000000000002,,1,282,-12.0,0.18823529411764703,1,0,1,0,1,0.18823529411764703,0,0
284,3,1,1,1,0,0,0,0,0,5.0,23.0,4.0,4.5,1.02,0.91,0.91,1,6.0,12.0,3.0,5.05,1.01,1.01,0.94,20.5,15.0,2.8400000000000003,2.96,1,284,-5.5,0.12222222222222218,1,0,1,0,1,0.12222222222222218,1,1
285,3,1,1,1,0,0,0,0,0,3.0,25.0,3.0,4.75,1.02,0.91,0.8,1,3.0,15.0,3.0,5.05,1.01,1.01,1.01,18.5,13.5,2.7300000000000004,3.0300000000000002,1,285,-5.0,0.06315789473684207,1,0,1,0,1,0.06315789473684207,0,0
286,3,1,1,1,0,0,0,0,0,1.0,15.0,3.0,4.75,1.12,,0.95,1,2.0,15.0,3.0,5.05,1.02,1.01,0.94,11.5,12.5,,2.97,1,286,1.0,0.06315789473684207,1,0,1,0,1,0.06315789473684207,0,0
287,3,1,1,1,0,0,0,0,0,3.0,18.0,3.0,4.5,1.06,0.91,0.95,1,2.0,15.0,3.0,5.05,1.01,1.01,0.94,15.0,12.5,2.92,2.96,1,287,-2.5,0.12222222222222218,1,0,1,0,1,0.12222222222222218,0,0
288,3,1,1,1,0,0,0,0,0,0.0,20.0,3.0,4.75,1.02,0.95,0.95,1,5.0,9.0,3.0,5.05,1.01,1.01,0.89,13.0,12.5,2.92,2.91,1,288,-0.5,0.06315789473684207,1,0,1,0,1,0.06315789473684207,0,0
289,3,1,1,1,0,0,0,0,0,2.0,12.0,2.0,4.25,1.02,0.95,0.95,1,3.0,10.0,2.0,5.05,1.01,1.01,2.0,10.0,10.0,2.92,4.02,1,289,0.0,0.18823529411764703,1,0,1,0,1,0.18823529411764703,0,0
290,4,0,1,1,0,0,0,0,0,8.0,12.0,3.0,4.75,0.95,0.89,0.95,1,0.0,23.0,2.0,5.05,1.0,0.85,0.94,17.0,13.5,2.79,2.79,1,290,-3.5,0.06315789473684207,1,0,0,1,0,0.0,0,0
291,4,0,1,1,0,0,0,0,0,4.0,20.0,3.0,4.55,0.95,0.86,0.95,1,5.0,16.0,3.0,5.1,1.0,0.85,0.94,17.0,16.0,2.76,2.79,1,291,-1.0,0.10989010989010989,1,0,0,1,0,0.0,0,0
292,4,0,1,1,0,0,0,0,1,10.0,15.0,3.0,4.8,0.95,0.92,0.95,1,15.0,11.0,3.0,5.05,1.0,0.84,2.69,20.5,23.5,2.8200000000000003,4.529999999999999,1,292,3.0,0.052083333333333336,1,0,0,1,0,0.0,1,1
295,1,0,1,0,0,1,0,0,0,8.0,9.0,3.0,4.75,1.06,0.95,0.95,1,,21.0,4.0,5.05,1.05,0.94,0.94,15.5,,2.96,2.9299999999999997,1,295,,0.06315789473684207,1,0,0,0,0,0.0,0,0
297,1,1,1,0,0,1,0,0,0,9.0,15.0,3.0,4.25,1.06,0.91,0.98,1,15.0,30.0,4.0,5.05,1.05,0.94,0.98,19.5,34.0,2.95,2.9699999999999998,1,297,14.5,0.18823529411764703,1,0,0,0,1,0.18823529411764703,1,1
303,3,1,1,0,0,1,0,0,0,10.0,35.0,3.0,4.35,1.12,1.0,1.02,1,12.0,35.0,3.0,5.05,1.05,1.05,1.05,30.5,32.5,3.14,3.1500000000000004,1,303,2.0,0.1609195402298851,1,0,1,0,1,0.1609195402298851,1,1
304,3,0,1,0,0,1,0,0,0,10.0,20.0,3.0,4.5,1.27,1.27,2.24,1,10.0,15.0,4.0,5.05,1.4,1.29,1.05,23.0,21.5,4.78,3.74,1,304,-1.5,0.12222222222222218,1,0,1,0,0,0.0,1,1
305,3,1,1,0,0,1,0,0,0,0.0,20.0,3.0,4.39,1.27,1.27,1.06,1,5.0,22.0,4.0,5.05,1.37,1.31,1.05,13.0,20.0,3.6,3.7300000000000004,1,305,7.0,0.15034168564920278,1,0,1,0,1,0.15034168564920278,0,0
307,3,1,1,0,0,1,0,0,0,17.5,17.5,4.0,4.25,1.19,1.19,1.06,1,25.0,25.0,6.0,5.2,1.26,,1.05,30.25,43.5,3.44,,1,307,13.25,0.18823529411764703,1,0,1,0,1,0.18823529411764703,1,1
310,4,0,1,0,0,1,0,0,0,0.0,28.0,4.0,4.25,0.91,0.91,1.94,1,3.0,23.0,3.0,5.05,0.97,0.9,2.06,18.0,17.5,3.76,3.93,1,310,-0.5,0.18823529411764703,1,0,0,1,0,0.0,0,0
312,1,0,1,1,0,0,0,0,1,4.0,6.0,3.0,4.25,1.22,1.06,0.93,1,3.0,2.0,3.0,5.05,1.26,1.05,1.02,10.0,7.0,3.2100000000000004,3.33,1,312,-3.0,0.18823529411764703,1,0,0,0,0,0.0,0,0
313,1,0,1,1,0,0,0,0,1,11.0,9.0,4.0,4.5,1.06,0.93,0.94,1,0.0,30.0,,5.05,1.0,1.01,0.89,19.5,,2.93,2.9,1,313,,0.12222222222222218,1,0,0,0,0,0.0,1,1
314,1,0,1,1,0,0,0,0,1,8.0,12.0,3.0,4.62,1.06,0.95,0.91,1,15.0,6.0,4.0,5.25,1.05,0.74,0.94,17.0,22.0,2.92,2.73,1,314,5.0,0.09307359307359302,1,0,0,0,0,0.0,0,0
316,1,1,1,1,0,0,0,0,1,15.0,15.0,3.0,4.62,1.06,0.92,0.87,1,12.0,14.0,3.0,5.05,1.05,0.94,0.94,25.5,22.0,2.85,2.9299999999999997,1,316,-3.5,0.09307359307359302,1,0,0,0,1,0.09307359307359302,1,1
317,1,0,1,1,0,0,0,0,1,0.0,8.0,2.0,4.25,1.22,0.93,0.96,1,4.0,0.0,3.0,5.05,1.26,1.05,1.05,6.0,7.0,3.11,3.3600000000000003,1,317,1.0,0.18823529411764703,1,0,0,0,0,0.0,0,0
318,2,0,1,1,0,0,0,0,1,5.0,7.0,3.0,4.75,1.23,0.98,2.61,1,7.0,6.0,4.0,5.05,1.11,0.95,2.59,11.5,14.0,4.82,4.65,1,318,2.5,0.06315789473684207,1,1,0,0,0,0.0,0,0
319,2,0,1,1,0,0,0,0,1,0.0,11.0,3.0,4.62,1.06,0.85,3.95,1,22.0,4.0,3.0,5.05,0.95,0.9,2.43,8.5,27.0,5.86,4.28,1,319,18.5,0.09307359307359302,1,1,0,0,0,0.0,0,0
322,3,1,1,1,0,0,0,0,1,8.0,13.0,4.0,4.75,1.06,1.06,1.02,1,12.0,5.0,4.0,5.05,0.96,1.01,0.94,18.5,18.5,3.14,2.91,1,322,0.0,0.06315789473684207,1,0,1,0,1,0.06315789473684207,0,0
325,3,1,1,1,0,0,0,0,1,4.0,15.0,4.0,4.5,1.09,1.06,0.79,1,1.0,15.0,3.0,5.05,1.02,1.01,1.01,15.5,11.5,2.9400000000000004,3.04,1,325,-4.0,0.12222222222222218,1,0,1,0,1,0.12222222222222218,0,0
333,1,0,1,0,1,0,0,0,0,2.0,16.5,4.0,4.25,1.02,0.88,0.82,1,3.0,20.0,3.0,5.05,1.04,0.87,0.87,14.25,16.0,2.7199999999999998,2.7800000000000002,1,333,1.75,0.18823529411764703,1,0,0,0,0,0.0,0,0
336,1,0,1,1,0,0,0,0,0,28.0,12.0,4.0,4.5,1.02,0.91,0.93,1,10.0,20.0,5.0,5.05,0.95,1.05,0.94,38.0,25.0,2.8600000000000003,2.94,1,336,-13.0,0.12222222222222218,1,0,0,0,0,0.0,1,1
337,1,1,1,1,0,0,0,0,0,5.0,29.5,5.0,4.87,1.06,0.93,0.93,1,25.0,5.0,3.0,5.05,,,,24.75,30.5,2.9200000000000004,,1,337,5.75,0.03696098562628331,1,0,0,0,1,0.03696098562628331,1,1
339,1,1,1,1,0,0,0,0,0,18.0,6.0,2.0,4.25,1.06,0.85,0.95,1,5.0,9.0,2.0,5.05,0.95,0.95,0.95,23.0,11.5,2.8600000000000003,2.8499999999999996,1,339,-11.5,0.18823529411764703,1,0,0,0,1,0.18823529411764703,1,1
340,1,0,1,1,0,0,0,0,0,6.0,30.0,3.0,4.25,0.96,0.95,0.85,1,15.0,17.0,2.0,5.05,1.05,0.84,0.84,24.0,25.5,2.76,2.73,1,340,1.5,0.18823529411764703,1,0,0,0,0,0.0,1,1
341,2,1,1,1,0,0,0,0,0,2.0,7.0,2.0,4.62,0.95,0.74,2.34,1,3.0,7.0,3.0,5.05,0.9,0.84,2.32,7.5,9.5,4.029999999999999,4.06,1,341,2.0,0.09307359307359302,1,1,0,0,1,0.09307359307359302,0,0
343,2,1,1,1,0,0,0,0,0,10.0,6.0,2.0,4.75,0.95,0.74,2.34,1,4.0,11.0,2.0,5.05,0.95,0.85,2.32,15.0,11.5,4.029999999999999,4.119999999999999,1,343,-3.5,0.06315789473684207,1,1,0,0,1,0.06315789473684207,0,0
346,2,1,1,1,0,0,0,0,0,2.0,10.5,2.0,4.25,0.95,,,1,3.0,12.0,3.0,,0.85,,,9.25,12.0,,,1,346,2.75,0.18823529411764703,1,1,0,0,1,0.18823529411764703,0,0
348,3,1,1,0,1,0,0,0,0,3.0,10.5,3.0,4.25,1.02,1.06,0.95,3,0.0,0.0,0.0,,,,,11.25,0.0,3.0300000000000002,,1,348,-11.25,0.18823529411764703,1,0,1,0,1,0.18823529411764703,0,0
350,3,1,1,1,0,0,0,0,0,8.0,9.0,4.0,4.75,1.06,0.91,1.12,1,5.0,20.0,2.0,5.05,1.01,1.01,0.89,16.5,17.0,3.0900000000000003,2.91,1,350,0.5,0.06315789473684207,1,0,1,0,1,0.06315789473684207,0,0
351,3,1,1,1,0,0,0,0,0,2.0,27.5,3.0,4.25,1.02,0.9,0.95,1,10.0,20.0,4.0,5.05,1.01,1.01,0.73,18.75,24.0,2.87,2.75,1,351,5.25,0.18823529411764703,1,0,1,0,1,0.18823529411764703,0,0
352,3,1,1,0,0,1,0,0,0,0.0,19.0,4.0,4.75,1.12,0.91,0.99,5,,,,,0.95,0.95,0.89,13.5,,3.0200000000000005,2.79,1,352,,0.06315789473684207,1,0,1,0,1,0.06315789473684207,0,0
353,3,1,1,1,0,0,0,0,0,7.5,22.5,3.0,4.37,1.07,0.85,0.95,1,,31.0,4.0,5.05,1.01,1.01,0.89,21.75,,2.87,2.91,1,353,,0.1556064073226544,1,0,1,0,1,0.1556064073226544,1,1
355,4,0,1,0,1,0,0,0,0,2.0,17.0,3.0,4.87,0.95,0.92,0.95,1,3.0,17.0,2.0,,1.0,0.85,0.89,13.5,13.5,2.8200000000000003,2.74,1,355,0.0,0.03696098562628331,1,0,0,1,0,0.0,0,0
359,1,1,1,1,0,0,0,0,0,0.0,22.0,4.0,4.25,1.02,0.85,0.82,1,0.0,26.0,4.0,5.05,1.05,0.87,0.82,15.0,17.0,2.69,2.7399999999999998,1,359,2.0,0.18823529411764703,1,0,0,0,1,0.18823529411764703,0,0
360,1,0,1,1,0,0,0,0,0,3.0,25.0,2.0,4.25,1.06,0.84,0.89,1,5.0,32.0,7.0,5.05,1.05,0.87,0.82,17.5,28.0,2.79,2.7399999999999998,1,360,10.5,0.18823529411764703,1,0,0,0,0,0.0,0,0
361,1,0,1,1,0,0,0,0,0,6.0,13.0,5.0,4.25,1.02,0.91,0.85,1,4.0,23.0,6.0,5.05,0.9,0.93,0.92,17.5,21.5,2.7800000000000002,2.75,1,361,4.0,0.18823529411764703,1,0,0,0,0,0.0,0,0
362,2,0,1,1,0,0,0,0,0,6.0,13.0,,4.25,1.06,0.81,2.45,1,24.0,4.0,4.0,5.05,1.05,0.84,2.43,,30.0,4.32,4.32,1,362,,0.18823529411764703,1,1,0,0,0,0.0,0,0
363,2,0,1,1,0,0,0,0,0,0.0,25.0,3.0,4.25,1.06,0.8,2.45,1,14.0,7.0,2.0,5.2,1.01,0.8,2.43,15.5,19.5,4.3100000000000005,4.24,1,363,4.0,0.18823529411764703,1,1,0,0,0,0.0,0,0
364,2,0,1,1,0,0,0,0,0,3.5,20.0,3.0,4.25,0.95,0.85,2.45,1,1.0,30.0,4.0,5.05,1.05,0.84,2.43,16.5,20.0,4.25,4.32,1,364,3.5,0.18823529411764703,1,1,0,0,0,0.0,0,0
366,3,0,1,1,0,0,0,0,0,2.0,17.0,3.0,4.5,1.02,0.91,0.63,1,1.0,19.0,4.0,5.05,1.01,0.9,0.63,13.5,14.5,2.56,2.54,1,366,1.0,0.12222222222222218,1,0,1,0,0,0.0,0,0
368,4,0,1,1,0,0,0,0,0,0.0,20.0,3.0,4.25,0.89,0.86,0.95,1,0.0,25.0,2.0,5.05,1.0,0.85,0.95,13.0,14.5,2.7,2.8,1,368,1.5,0.18823529411764703,1,0,0,1,0,0.0,0,0
369,1,1,1,0,0,1,0,0,0,0.0,15.0,4.0,4.35,1.17,1.06,1.17,3,0.0,0.0,0.0,,,,,11.5,0.0,3.4,,1,369,-11.5,0.1609195402298851,1,0,0,0,1,0.1609195402298851,0,0
370,1,0,1,0,0,1,0,0,0,20.0,11.5,3.3,4.85,1.06,0.95,0.95,1,26.0,5.0,3.0,5.05,,,,29.05,31.5,2.96,,1,370,2.4499999999999993,0.041237113402061897,1,0,0,0,0,0.0,1,1
376,1,0,1,0,0,1,0,0,0,4.0,10.0,4.0,4.5,0.95,0.95,0.96,1,0.0,17.0,3.0,5.05,1.26,1.01,1.0,13.0,11.5,2.86,3.27,1,376,-1.5,0.12222222222222218,1,0,0,0,0,0.0,0,0
377,1,0,1,0,0,1,0,0,0,12.0,6.0,3.0,4.25,1.06,0.95,0.95,1,11.0,12.0,3.0,5.05,1.05,0.95,0.94,18.0,20.0,2.96,2.94,1,377,2.0,0.18823529411764703,1,0,0,0,0,0.0,0,0
379,1,0,1,0,0,1,0,0,0,20.0,12.0,4.0,4.62,1.06,1.06,0.95,1,28.0,6.0,3.0,5.05,1.06,1.06,1.06,30.0,34.0,3.0700000000000003,3.18,1,379,4.0,0.09307359307359302,1,0,0,0,0,0.0,1,1
380,1,0,1,0,0,1,0,0,0,10.0,15.0,3.0,4.5,1.06,0.95,0.95,1,15.0,14.0,3.0,5.05,1.05,0.94,0.94,20.5,25.0,2.96,2.9299999999999997,1,380,4.5,0.12222222222222218,1,0,0,0,0,0.0,1,1
383,1,0,1,0,0,1,0,0,0,6.0,4.0,2.0,4.5,1.15,0.95,0.95,1,7.0,2.0,2.0,5.05,1.16,1.01,1.05,10.0,10.0,3.05,3.2199999999999998,1,383,0.0,0.12222222222222218,1,0,0,0,0,0.0,0,0
384,1,0,1,0,0,1,0,0,0,,,3.0,4.65,1.06,0.95,0.95,1,0.0,30.0,3.0,5.05,1.05,1.05,0.89,,18.0,2.96,2.99,1,384,,0.08602150537634397,1,0,0,0,0,0.0,0,0
385,1,0,1,0,0,1,0,0,0,16.0,14.0,3.0,4.25,,,,1,15.0,14.0,3.0,5.05,1.16,1.22,0.41,26.0,25.0,,2.79,1,385,-1.0,0.18823529411764703,1,0,0,0,0,0.0,1,1
386,1,0,1,0,0,1,0,0,0,0.0,19.0,3.0,4.25,1.06,0.95,0.95,1,14.0,10.0,4.0,5.05,1.05,0.95,0.95,12.5,23.0,2.96,2.95,1,386,10.5,0.18823529411764703,1,0,0,0,0,0.0,0,0
391,2,0,1,0,0,1,0,0,0,15.0,5.0,2.0,4.25,1.06,1.06,2.66,1,12.0,7.0,2.0,5.05,1.05,1.05,2.64,19.5,17.5,4.78,4.74,1,391,-2.0,0.18823529411764703,1,1,0,0,0,0.0,1,1
393,2,1,1,0,0,1,0,0,0,4.0,10.0,3.0,4.62,1.17,1.27,2.77,1,18.0,4.0,3.0,5.25,1.16,1.26,2.75,12.0,23.0,5.21,5.17,1,393,11.0,0.09307359307359302,1,1,0,0,1,0.09307359307359302,0,0
396,3,1,1,0,0,1,0,0,0,24.0,16.0,4.0,4.87,1.27,1.07,2.13,1,8.0,30.0,3.0,5.4,1.11,1.05,1.05,36.0,26.0,4.47,3.21,1,396,-10.0,0.03696098562628331,1,0,1,0,1,0.03696098562628331,1,1
397,3,1,1,0,0,1,0,0,0,4.0,28.0,3.0,4.25,1.12,1.02,1.06,1,6.0,15.0,3.0,5.05,1.17,1.06,2.11,21.0,16.5,3.2,4.34,1,397,-4.5,0.18823529411764703,1,0,1,0,1,0.18823529411764703,1,1
398,3,1,1,0,0,1,0,0,0,14.0,13.0,4.0,4.75,1.12,1.06,1.06,1,25.0,15.0,3.0,5.05,1.11,1.06,1.05,24.5,35.5,3.24,3.2199999999999998,1,398,11.0,0.06315789473684207,1,0,1,0,1,0.06315789473684207,1,1
399,3,1,1,0,0,1,0,0,0,13.0,8.0,3.0,4.87,1.27,1.04,1.12,1,18.0,18.0,4.0,5.05,1.26,1.08,1.05,20.0,31.0,3.43,3.3899999999999997,1,399,11.0,0.03696098562628331,1,0,1,0,1,0.03696098562628331,1,1
400,3,1,1,0,0,1,0,0,0,16.0,15.0,3.0,4.5,1.2,1.06,1.06,1,8.0,24.0,3.0,5.05,1.17,1.01,1.05,26.5,23.0,3.32,3.2299999999999995,1,400,-3.5,0.12222222222222218,1,0,1,0,1,0.12222222222222218,1,1
401,3,0,1,0,0,1,0,0,0,8.0,6.0,4.0,4.25,1.12,1.02,1.02,1,5.0,27.0,4.0,5.05,1.12,1.05,1.05,15.0,22.5,3.16,3.2199999999999998,1,401,7.5,0.18823529411764703,1,0,1,0,0,0.0,0,0
402,3,1,1,0,0,1,0,0,0,11.0,10.0,3.0,4.75,1.12,1.02,1.06,1,17.0,5.0,2.0,5.05,1.11,1.05,1.05,19.0,21.5,3.2,3.21,1,402,2.5,0.06315789473684207,1,0,1,0,1,0.06315789473684207,0,0
405,3,1,1,0,0,1,0,0,0,6.0,17.0,3.0,4.32,1.12,1.02,1.06,1,1.5,15.0,3.0,5.05,1.12,1.01,1.05,17.5,12.0,3.2,3.1799999999999997,1,405,-5.5,0.16898148148148137,1,0,1,0,1,0.16898148148148137,0,0
410,1,0,1,0,0,1,0,0,0,0.0,35.0,3.0,4.25,1.04,1.12,1.02,1,0.0,35.0,3.0,5.05,1.19,0.98,1.01,20.5,20.5,3.18,3.1799999999999997,1,410,0.0,0.18823529411764703,1,0,0,0,0,0.0,1,1
411,1,0,1,0,0,1,0,0,0,0.0,36.0,3.0,4.5,1.16,1.02,1.09,1,4.0,36.0,3.0,5.05,1.15,1.01,1.01,21.0,25.0,3.2699999999999996,3.17,1,411,4.0,0.12222222222222218,1,0,0,0,0,0.0,1,1
412,2,0,1,0,1,0,0,0,0,0.0,17.0,2.0,4.5,1.06,1.02,2.34,1,0.0,13.0,2.0,5.05,1.15,1.05,2.64,10.5,8.5,4.42,4.84,1,412,-2.0,0.12222222222222218,1,1,0,0,0,0.0,0,0
413,1,0,1,0,0,1,0,0,0,0.0,36.0,5.0,4.25,1.12,1.02,1.06,1,0.0,20.0,3.0,5.05,1.11,1.01,1.05,23.0,13.0,3.2,3.17,1,413,-10.0,0.18823529411764703,1,0,0,0,0,0.0,1,1
414,1,0,1,0,0,1,0,0,0,0.0,36.0,5.0,4.25,1.06,0.95,1.11,1,13.0,9.0,4.0,5.05,1.15,0.95,1.13,23.0,21.5,3.12,3.2299999999999995,1,414,-1.5,0.18823529411764703,1,0,0,0,0,0.0,1,1
415,1,0,1,0,0,1,0,0,0,8.0,32.0,5.0,4.25,1.06,0.91,0.98,1,0.0,38.0,4.0,5.05,1.05,0.9,1.04,29.0,23.0,2.95,2.99,1,415,-6.0,0.18823529411764703,1,0,0,0,0,0.0,1,1
417,1,1,1,0,0,1,0,0,0,4.0,28.0,3.0,4.25,1.05,0.94,1.07,1,13.0,17.0,4.0,5.05,1.11,1.09,1.0,21.0,25.5,3.06,3.2,1,417,4.5,0.18823529411764703,1,0,0,0,1,0.18823529411764703,1,1
418,1,0,1,0,0,1,0,0,0,30.0,15.0,4.0,4.25,1.02,1.01,0.52,1,0.0,35.0,4.0,5.05,1.03,0.9,0.59,41.5,21.5,2.5500000000000003,2.52,1,418,-20.0,0.18823529411764703,1,0,0,0,0,0.0,1,1
419,2,1,1,0,0,1,0,0,0,3.0,10.0,4.0,4.25,1.06,0.85,2.34,1,5.0,5.0,2.0,5.05,1.05,0.84,2.53,12.0,9.5,4.25,4.42,1,419,-2.5,0.18823529411764703,1,1,0,0,1,0.18823529411764703,0,0
421,2,1,1,0,0,1,0,0,0,20.0,10.0,8.0,4.62,1.06,0.85,2.34,1,25.0,7.0,8.0,5.05,1.05,0.84,2.32,33.0,36.5,4.25,4.21,1,421,3.5,0.09307359307359302,1,1,0,0,1,0.09307359307359302,1,1
422,2,0,1,0,0,1,0,0,0,0.0,7.0,3.0,4.75,1.06,0.85,2.34,1,5.0,10.0,6.0,5.05,1.01,0.84,2.32,6.5,16.0,4.25,4.17,1,422,9.5,0.06315789473684207,1,1,0,0,0,0.0,0,0
423,2,1,1,0,0,1,0,0,0,2.0,10.0,2.0,4.95,1.06,0.85,2.34,1,19.0,3.5,3.0,5.25,1.05,0.84,2.32,9.0,23.75,4.25,4.21,1,423,14.75,0.02020202020202013,1,1,0,0,1,0.02020202020202013,0,0
424,2,1,1,0,0,1,0,0,0,3.5,6.5,3.0,4.75,1.06,0.85,2.34,1,12.0,3.0,4.0,5.25,1.05,0.94,2.32,9.75,17.5,4.25,4.31,1,424,7.75,0.06315789473684207,1,1,0,0,1,0.06315789473684207,0,0
426,3,1,1,0,0,1,0,0,0,3.0,33.0,5.0,4.25,1.18,1.02,1.06,1,5.0,25.0,3.0,5.05,1.11,1.05,1.05,24.5,20.5,3.2600000000000002,3.21,1,426,-4.0,0.18823529411764703,1,0,1,0,1,0.18823529411764703,1,1
427,4,0,1,0,0,1,0,0,0,7.0,8.0,3.0,4.75,1.06,0.98,2.03,1,0.0,35.0,3.0,5.05,1.11,1.09,2.07,14.0,20.5,4.07,4.27,1,427,6.5,0.06315789473684207,1,0,0,1,0,0.0,0,0
428,4,0,1,0,0,1,0,0,0,0.0,33.0,3.0,4.62,1.06,0.98,1.06,1,10.0,24.0,3.0,5.14,1.05,0.89,2.11,19.5,25.0,3.1,4.05,1,428,5.5,0.09307359307359302,1,0,0,1,0,0.0,1,1
